,name,host_id,host_since,host_since_readable,host_tenure_days,host_response_time,host_response_rate,host_acceptance_rate,host_is_superhost,host_total_listings_count,host_verifications,verifications_count,host_has_profile_pic,host_identity_verified,neighbourhood_cleansed,latitude,longitude,property_type,room_type,accommodates,bathrooms_text,bathrooms_number,bedrooms,beds,amenities,amenities_count,price,minimum_nights,maximum_nights,availability_30,availability_60,availability_90,availability_365,number_of_reviews,number_of_reviews_ltm,number_of_reviews_l30d,availability_eoy,estimated_occupancy_l365d,estimated_revenue_l365d,review_scores_rating,review_scores_accuracy,review_scores_cleanliness,review_scores_checkin,review_scores_communication,review_scores_location,review_scores_value,instant_bookable,calculated_host_listings_count,calculated_host_listings_count_entire_homes,calculated_host_listings_count_private_rooms,calculated_host_listings_count_shared_rooms,reviews_per_month,has_reviews
0,Huge Four Bedroom Apartment,1389063,2011-11-09,"November 09, 2011",5056,within an hour,0.86,1.0,0,12,"['email', 'phone']",2,1,1,Lewisham,51.44306,-0.01948,Entire rental unit,Entire home/apt,10,2 baths,2.0,4,8,"[""Cooking basics"", ""Washer"", ""Iron"", ""Smoke alarm"", ""Fire extinguisher"", ""Stove"", ""First aid kit"", ""Dishes and silverware"", ""Carbon monoxide alarm"", ""Coffee maker"", ""Refrigerator"", ""TV"", ""Lockbox"", ""Luggage dropoff allowed"", ""Dryer"", ""Backyard"", ""Crib"", ""Hot water"", ""Pets allowed"", ""Hair dryer"", ""Essentials"", ""BBQ grill"", ""Dishwasher"", ""Wifi"", ""Kitchen"", ""Shared pool"", ""Self check-in"", ""Oven"", ""High chair"", ""Heating"", ""Private patio or balcony"", ""Shampoo"", ""Microwave"", ""Free parking on premises"", ""Long term stays allowed""]",35,297.0,3,365,13,15,31,293,68,12,1,134,110,32670.0,4.68,4.65,4.72,4.84,4.74,4.62,4.72,1,11,11,0,0,0.51,1
1,One Bedroom Apartment,1389063,2011-11-09,"November 09, 2011",5056,within an hour,0.86,1.0,0,12,"['email', 'phone']",2,1,1,Lewisham,51.44284,-0.01997,Entire rental unit,Entire home/apt,2,1 bath,1.0,1,2,"[""Cooking basics"", ""Wine glasses"", ""Iron"", ""Smoke alarm"", ""Fire extinguisher"", ""Stove"", ""First aid kit"", ""Dishes and silverware"", ""Shower gel"", ""Carbon monoxide alarm"", ""Coffee maker"", ""Refrigerator"", ""TV"", ""Body soap"", ""Dining table"", ""Luggage dropoff allowed"", ""Drying rack for clothing"", ""Books and reading material"", ""Clothing storage"", ""Backyard"", ""Keypad"", ""Hangers"", ""Crib"", ""Hot water"", ""Hair dryer"", ""Blender"", ""Essentials"", ""Dishwasher"", ""Wifi"", ""Kitchen"", ""Hot water kettle"", ""Shared pool"", ""Self check-in"", ""Oven"", ""Toaster"", ""Pack \u2019n play/Travel crib"", ""High chair"", ""Heating"", ""Shampoo"", ""Microwave"", ""Bed linens"", ""Free parking on premises"", ""Long term stays allowed"", ""Portable fans""]",44,98.0,3,365,0,13,43,318,24,4,0,157,37,3626.0,4.58,4.42,4.54,4.58,4.25,4.54,4.42,1,11,11,0,0,0.22,1
2,Two Bedroom Newly Refurbished Apartment,1389063,2011-11-09,"November 09, 2011",5056,within an hour,0.86,1.0,0,12,"['email', 'phone']",2,1,1,Lewisham,51.44359,-0.02275,Entire rental unit,Entire home/apt,4,1 bath,1.0,2,3,"[""Cooking basics"", ""Iron"", ""Smoke alarm"", ""Fire extinguisher"", ""First aid kit"", ""Dishes and silverware"", ""Carbon monoxide alarm"", ""Refrigerator"", ""TV"", ""Free street parking"", ""Pool"", ""Backyard"", ""Keypad"", ""Hangers"", ""Crib"", ""Hot water"", ""Hair dryer"", ""Essentials"", ""Wifi"", ""Kitchen"", ""Self check-in"", ""Pack \u2019n play/Travel crib"", ""High chair"", ""Heating"", ""Shampoo"", ""Microwave"", ""Free parking on premises""]",27,148.0,3,365,3,6,27,302,58,6,0,141,55,8140.0,4.5,4.5,4.45,4.72,4.52,4.36,4.38,1,11,11,0,0,0.43,1
3,Refurbished Two Bedroom Apartment,1389063,2011-11-09,"November 09, 2011",5056,within an hour,0.86,1.0,0,12,"['email', 'phone']",2,1,1,Lewisham,51.44355,-0.02309,Entire rental unit,Entire home/apt,5,1 bath,1.0,2,5,"[""Cooking basics"", ""Iron"", ""Smoke alarm"", ""Fire extinguisher"", ""First aid kit"", ""Dishes and silverware"", ""Carbon monoxide alarm"", ""Coffee maker"", ""Refrigerator"", ""TV"", ""Luggage dropoff allowed"", ""Backyard"", ""Keypad"", ""Hangers"", ""Crib"", ""Hot water"", ""Hair dryer"", ""Essentials"", ""Wifi"", ""Kitchen"", ""Shared pool"", ""Self check-in"", ""Pack \u2019n play/Travel crib"", ""High chair"", ""Heating"", ""Shampoo"", ""Microwave"", ""Free parking on premises"", ""Long term stays allowed""]",29,144.0,3,365,11,33,53,328,36,7,0,167,64,9216.0,4.64,4.67,4.58,4.83,4.61,4.5,4.47,1,11,11,0,0,0.3,1
4,Spacious refurbished 2 bedroom apt with balcony,1389063,2011-11-09,"November 09, 2011",5056,within an hour,0.86,1.0,0,12,"['email', 'phone']",2,1,1,Lewisham,51.44333,-0.02307,Entire rental unit,Entire home/apt,4,2 baths,2.0,2,4,"[""Cooking basics"", ""Washer"", ""Iron"", ""Smoke alarm"", ""Fire extinguisher"", ""Stove"", ""First aid kit"", ""Dishes and silverware"", ""Carbon monoxide alarm"", ""Coffee maker"", ""Refrigerator"", ""TV"", ""Luggage dropoff allowed"", ""Free street parking"", ""Dryer"", ""Backyard"", ""Keypad"", ""Hangers"", ""Crib"", ""Hot water"", ""Hair dryer"", ""Essentials"", ""Dishwasher"", ""Wifi"", ""Kitchen"", ""Shared pool"", ""Self check-in"", ""Oven"", ""Pack \u2019n play/Travel crib"", ""High chair"", ""Heating"", ""Microwave"", ""Bed linens"", ""Free parking on premises"", ""Long term stays allowed""]",35,157.0,3,365,0,9,11,255,54,4,0,101,37,5809.0,4.68,4.78,4.65,4.81,4.74,4.37,4.59,1,11,11,0,0,0.35,1
5,Two Bedrooms Garden Maisonette,1389063,2011-11-09,"November 09, 2011",5056,within an hour,0.86,1.0,0,12,"['email', 'phone']",2,1,1,Lewisham,51.44204,-0.02149,Entire rental unit,Entire home/apt,3,2 baths,2.0,2,2,"[""Cooking basics"", ""Washer"", ""Iron"", ""Smoke alarm"", ""Fire extinguisher"", ""First aid kit"", ""Carbon monoxide alarm"", ""Coffee maker"", ""Refrigerator"", ""TV"", ""Lockbox"", ""Luggage dropoff allowed"", ""Dryer"", ""Hangers"", ""Crib"", ""Hot water"", ""Pets allowed"", ""Hair dryer"", ""Essentials"", ""Wifi"", ""Kitchen"", ""Shared pool"", ""Self check-in"", ""High chair"", ""Heating"", ""Shampoo"", ""Free parking on premises"", ""Long term stays allowed""]",28,148.0,3,365,2,2,27,274,8,0,0,113,0,0.0,3.88,4.13,3.75,4.88,4.63,4.5,4.13,1,11,11,0,0,0.09,1
6,One Bedroom Garden Apartment,1389063,2011-11-09,"November 09, 2011",5056,within an hour,0.86,1.0,0,12,"['email', 'phone']",2,1,1,Lewisham,51.44353,-0.02328,Entire rental unit,Entire home/apt,4,1 bath,1.0,1,3,"[""Cooking basics"", ""Washer"", ""Iron"", ""Smoke alarm"", ""Fire extinguisher"", ""First aid kit"", ""Dishes and silverware"", ""Carbon monoxide alarm"", ""Coffee maker"", ""Refrigerator"", ""TV"", ""Dryer"", ""Shared backyard \u2013 Fully fenced"", ""Keypad"", ""Crib"", ""Hot water"", ""Pets allowed"", ""Hair dryer"", ""Essentials"", ""Wifi"", ""Kitchen"", ""Shared pool"", ""Self check-in"", ""High chair"", ""Heating"", ""Shampoo"", ""Free parking on premises""]",27,120.0,4,365,6,23,48,323,17,4,1,162,37,4440.0,4.59,4.53,4.47,4.76,4.71,4.53,4.65,1,11,11,0,0,0.2,1
7,Four Bedroom Garden Apartment,1389063,2011-11-09,"November 09, 2011",5056,within an hour,0.86,1.0,0,12,"['email', 'phone']",2,1,1,Lewisham,51.44151,-0.02195,Entire rental unit,Entire home/apt,7,2 baths,2.0,4,6,"[""Cooking basics"", ""Washer"", ""Iron"", ""Smoke alarm"", ""Fire extinguisher"", ""First aid kit"", ""Dishes and silverware"", ""Carbon monoxide alarm"", ""Coffee maker"", ""Refrigerator"", ""TV"", ""Dryer"", ""Backyard"", ""Keypad"", ""Crib"", ""Hot water"", ""Pets allowed"", ""Hair dryer"", ""Essentials"", ""Wifi"", ""Kitchen"", ""Shared pool"", ""Self check-in"", ""Pack \u2019n play/Travel crib"", ""High chair"", ""Heating"", ""Shampoo"", ""Free parking on premises""]",28,216.0,4,365,6,17,29,295,44,4,0,134,37,7992.0,4.64,4.5,4.43,4.75,4.77,4.52,4.48,1,11,11,0,0,0.31,1
8,Huge Three Bedroom Flat with parking and terrace,1389063,2011-11-09,"November 09, 2011",5056,within an hour,0.86,1.0,0,12,"['email', 'phone']",2,1,1,Lewisham,51.44346,-0.02122,Entire rental unit,Entire home/apt,7,2 baths,2.0,3,4,"[""Cooking basics"", ""Washer"", ""Iron"", ""Smoke alarm"", ""Fire extinguisher"", ""First aid kit"", ""Dishes and silverware"", ""Carbon monoxide alarm"", ""Coffee maker"", ""Refrigerator"", ""TV"", ""Dryer"", ""Backyard"", ""Keypad"", ""Crib"", ""Hair dryer"", ""Patio or balcony"", ""Essentials"", ""Wifi"", ""Kitchen"", ""Shared pool"", ""Self check-in"", ""Heating"", ""Shampoo"", ""Free parking on premises""]",25,238.0,3,365,17,27,47,322,65,12,0,161,110,26180.0,4.72,4.68,4.54,4.97,4.88,4.49,4.68,1,11,11,0,0,0.52,1
9,Central London with Stunning Views!,1395281,2011-11-11,"November 11, 2011",5054,within a few hours,1.0,1.0,1,3,"['email', 'phone']",2,1,1,Camden,51.52617,-0.1302,Private room in rental unit,Private room,1,1.5 shared baths,1.5,1,1,"[""Washer"", ""Iron"", ""Hair dryer"", ""Smoke alarm"", ""Host greets you"", ""Heating"", ""Dishes and silverware"", ""Elevator"", ""Dryer"", ""Essentials"", ""TV with standard cable"", ""Wifi"", ""Paid parking off premises"", ""Kitchen"", ""Hangers"", ""Hot water""]",16,62.0,7,90,1,2,2,27,532,18,1,27,252,15624.0,4.9,4.88,4.86,4.92,4.92,4.94,4.84,0,1,0,1,0,3.22,1
10,Also five minutes to South Bank,979363,2011-08-16,"August 16, 2011",5141,within an hour,1.0,1.0,1,7,"['email', 'phone']",2,1,1,Lambeth,51.50287,-0.10937,Private room in rental unit,Private room,2,1.5 shared baths,1.5,1,2,"[""Cooking basics"", ""Washer"", ""Iron"", ""Smoke alarm"", ""Fire extinguisher"", ""Stove"", ""Host greets you"", ""Dishes and silverware"", ""Shower gel"", ""Coffee maker"", ""Refrigerator"", ""Lock on bedroom door"", ""Dedicated workspace"", ""Dryer"", ""Backyard"", ""Hangers"", ""Hot water"", ""Hair dryer"", ""Elevator"", ""Essentials"", ""Wifi"", ""Extra pillows and blankets"", ""Kitchen"", ""Single level home"", ""Oven"", ""Heating"", ""Shampoo"", ""Microwave"", ""Paid parking off premises"", ""Bed linens""]",30,66.0,1,1125,2,6,14,104,563,4,1,86,37,2442.0,4.63,4.72,4.76,4.68,4.75,4.82,4.56,1,6,1,5,0,3.42,1
11,Patio Apartment in London (Twickenham),1416605,2011-11-17,"November 17, 2011",5048,within an hour,1.0,1.0,1,3,"['email', 'phone']",2,1,1,Richmond upon Thames,51.44311,-0.33245,Entire rental unit,Entire home/apt,3,1 bath,1.0,1,1,"[""Cooking basics"", ""Washer"", ""Air conditioning"", ""Iron"", ""Smoke alarm"", ""Dishes and silverware"", ""TV with standard cable"", ""Carbon monoxide alarm"", ""Mini fridge"", ""Coffee maker"", ""Drying rack for clothing"", ""Dryer"", ""Hangers"", ""Hot water"", ""Hair dryer"", ""Essentials"", ""Wifi"", ""Kitchen"", ""Hot water kettle"", ""Heating"", ""Microwave"", ""Bed linens"", ""Free parking on premises""]",23,73.0,4,9011,0,0,0,204,88,7,0,43,64,4672.0,4.64,4.68,4.76,4.94,4.94,4.92,4.58,1,3,2,1,0,0.61,1
14,2 Bed Edwardian Maisonette with Sunny Garden,2119157,2012-04-11,"April 11, 2012",4902,within an hour,1.0,1.0,0,4,"['email', 'phone', 'work_email']",3,1,0,Brent,51.55814,-0.22465,Entire rental unit,Entire home/apt,4,1 bath,1.0,2,2,"[""Cooking basics"", ""Wine glasses"", ""Treseme conditioner"", ""Iron"", ""Smoke alarm"", ""Stove"", ""Host greets you"", ""Dishes and silverware"", ""Shower gel"", ""Carbon monoxide alarm"", ""Coffee maker"", ""Refrigerator"", ""TV"", ""Coffee"", ""Dining table"", ""Dedicated workspace"", ""Exercise equipment: free weights"", ""Drying rack for clothing"", ""Free washer \u2013 In unit"", ""Laundromat nearby"", ""Luggage dropoff allowed"", ""Various body soap"", ""Books and reading material"", ""Private entrance"", ""Shared backyard \u2013 Fully fenced"", ""Hangers"", ""Hot water"", ""Cleaning products"", ""Shared patio or balcony"", ""Hair dryer"", ""Breakfast"", ""Blender"", ""Essentials"", ""Dishwasher"", ""Wifi"", ""Extra pillows and blankets"", ""Kitchen"", ""Hot water kettle"", ""Oven"", ""Toaster"", ""Heating"", ""Bathtub"", ""Baking sheet"", ""Shampoo"", ""Board games"", ""Paid parking off premises"", ""Bed linens"", ""Long term stays allowed""]",48,134.0,3,21,9,22,48,323,7,0,0,161,0,0.0,4.71,4.71,4.43,4.86,4.86,4.43,4.43,0,2,1,1,0,0.05,1
15,1 bedroom flat with big balcony!,2119740,2012-04-11,"April 11, 2012",4902,within a few hours,1.0,1.0,0,1,"['email', 'phone']",2,1,1,Kensington and Chelsea,51.52538,-0.21057,Entire rental unit,Entire home/apt,2,1 bath,1.0,1,4,"[""Cooking basics"", ""Wine glasses"", ""Iron"", ""Smoke alarm"", ""42 inch HDTV with standard cable, Netflix, Amazon Prime Video"", ""Host greets you"", ""First aid kit"", ""Dishes and silverware"", ""Shower gel"", ""Carbon monoxide alarm"", ""Refrigerator"", ""Fast wifi \u2013 60 Mbps"", ""Conditioner"", ""SONO  sound system"", ""Coffee"", ""Dedicated workspace"", ""Luggage dropoff allowed"", ""Drying rack for clothing"", ""Free washer \u2013 In unit"", ""Freezer"", ""Paid street parking off premises"", ""Clothing storage: closet"", ""Hangers"", ""Hot water"", ""Cleaning products"", ""Hair dryer"", ""Elevator"", ""Blender"", ""Essentials"", ""Dishwasher"", ""Canal view"", ""Extra pillows and blankets"", ""Kitchen"", ""Coffee maker: Nespresso"", ""Outdoor furniture"", ""Hot water kettle"", ""Oven"", ""Toaster"", ""Heating"", ""Bathtub"", ""Private patio or balcony"", ""Shampoo"", ""Microwave"", ""Bed linens"", ""Long term stays allowed"", ""Portable fans""]",48,200.0,5,9,0,0,9,44,13,2,0,40,20,4000.0,4.92,5.0,5.0,5.0,5.0,4.73,5.0,0,1,1,0,0,0.08,1
17,Cool shoreditch courtyard flat,2124088,2012-04-12,"April 12, 2012",4901,within a day,1.0,0.71,0,7,"['email', 'phone', 'work_email']",3,1,1,Hackney,51.52412,-0.07869,Entire rental unit,Entire home/apt,4,1 bath,1.0,1,1,"[""TV"", ""Essentials""]",2,155.0,3,64,0,3,33,308,0,0,0,146,0,0.0,0.0,0.0,0.0,0.0,0.0,0.0,0.0,0,1,1,0,0,0.0,0
18,"Lovely 2 bedroom flat near Brixton, zone 2, London",2124185,2012-04-12,"April 12, 2012",4901,within a day,1.0,0.33,0,3,"['email', 'phone']",2,1,1,Lambeth,51.46837,-0.09851,Entire condo,Entire home/apt,5,2 baths,2.0,2,2,"[""Cooking basics"", ""Iron"", ""Smoke alarm"", ""Stove"", ""First aid kit"", ""Dishes and silverware"", ""Shower gel"", ""Indoor fireplace: gas"", ""Coffee maker"", ""Refrigerator"", ""TV"", ""Lockbox"", ""Free washer \u2013 In building"", ""Hot water"", ""Hair dryer"", ""Essentials"", ""Dishwasher"", ""Wifi"", ""Extra pillows and blankets"", ""Kitchen"", ""Self check-in"", ""Oven"", ""Free dryer \u2013 In unit"", ""Bathtub"", ""Ethernet connection"", ""Heating"", ""Shampoo"", ""Microwave"", ""Bed linens""]",29,135.0,7,12,8,32,62,152,23,0,0,152,0,0.0,4.77,4.78,4.39,4.78,4.78,4.48,4.65,0,2,1,1,0,0.15,1
19,Hackney Stylish & light 1 bedroom Victorian flat,2125123,2012-04-12,"April 12, 2012",4901,within an hour,1.0,0.91,1,35,"['email', 'phone']",2,1,1,Hackney,51.5475502,-0.066353001,Entire condo,Entire home/apt,3,1 bath,1.0,1,1,"[""Cooking basics"", ""Paid high chair - available upon request"", ""Wine glasses"", ""Iron"", ""Smoke alarm"", ""Dishes and silverware"", ""Shower gel"", ""Carbon monoxide alarm"", ""Coffee maker"", ""Refrigerator"", ""Conditioner"", ""Coffee"", ""Lockbox"", ""Body soap"", ""Cleaning available during stay"", ""Dining table"", ""Dedicated workspace"", ""Drying rack for clothing"", ""Free washer \u2013 In unit"", ""Laundromat nearby"", ""Books and reading material"", ""46 inch HDTV with Amazon Prime Video, Apple TV, Netflix, standard cable"", ""Freezer"", ""Clothing storage: closet, wardrobe, and dresser"", ""Sound system with Bluetooth and aux"", ""Hangers"", ""Room-darkening shades"", ""Hot water"", ""Cleaning products"", ""Hair dryer"", ""Essentials"", ""Wifi"", ""Extra pillows and blankets"", ""Kitchen"", ""Hot water kettle"", ""Pack \u2019n play/Travel crib - available upon request"", ""Stainless steel gas stove"", ""Oven"", ""Self check-in"", ""Toaster"", ""Heating"", ""Bathtub"", ""Baking sheet"", ""Shampoo"", ""Paid parking off premises"", ""Bed linens"", ""Long term stays allowed"", ""Portable fans""]",53,129.0,5,300,2,5,17,100,152,6,0,100,60,7740.0,4.65,4.7,4.64,4.84,4.91,4.75,4.61,1,5,5,0,0,0.96,1
20,"Boutique Room w/ Private Bath, Balcony",2126954,2012-04-12,"April 12, 2012",4901,within an hour,1.0,1.0,1,2,"['email', 'phone']",2,1,1,Hackney,51.54544,-0.07344,Private room in condo,Private room,2,1 private bath,1.0,1,1,"[""Cooking basics"", ""Wine glasses"", ""Iron"", ""Smoke alarm"", ""Stove"", ""Host greets you"", ""First aid kit"", ""Dishes and silverware"", ""Shower gel"", ""Coffee maker"", ""Refrigerator"", ""City skyline view"", ""Conditioner"", ""TV"", ""Coffee"", ""Body soap"", ""Cleaning available during stay"", ""Dining table"", ""Dedicated workspace"", ""Luggage dropoff allowed"", ""Laundromat nearby"", ""Books and reading material"", ""Freezer"", ""Exterior security cameras on property"", ""Hangers"", ""Room-darkening shades"", ""Hot water"", ""Cleaning products"", ""Hair dryer"", ""Clothing storage: wardrobe"", ""Patio or balcony"", ""Shared gym in building"", ""Elevator"", ""Breakfast"", ""Essentials"", ""Dishwasher"", ""Wifi"", ""Extra pillows and blankets"", ""Kitchen"", ""Hot water kettle"", ""Children\u2019s books and toys"", ""Single level home"", ""Exercise equipment: yoga mat"", ""Oven"", ""Toaster"", ""Heating"", ""Bathtub"", ""Shampoo"", ""Microwave"", ""Paid parking off premises"", ""Bed linens"", ""Long term stays allowed"", ""Portable fans""]",53,70.0,5,90,7,11,20,25,208,13,2,25,130,9100.0,4.98,4.98,4.95,4.95,4.97,4.88,4.92,0,2,1,1,0,1.3,1
21,Top Floor Sunset View   Chelsea apartment,1436390,2011-11-23,"November 23, 2011",5042,Not Available,0.0,1.0,0,3,"['email', 'phone']",2,1,1,Hammersmith and Fulham,51.473328,-0.183576,Entire condo,Entire home/apt,5,1 bath,1.0,1,4,"[""Cooking basics"", ""Wine glasses"", ""Iron"", ""Resort view"", ""Smoke alarm"", ""Dishes and silverware"", ""Shower gel"", ""Refrigerator"", ""City skyline view"", ""TV"", ""Coffee"", ""Dining table"", ""Luggage dropoff allowed"", ""Drying rack for clothing"", ""Free washer \u2013 In unit"", ""Children\u2019s dinnerware"", ""Electric stove"", ""Freezer"", ""Clothing storage"", ""Bosch stainless steel oven"", ""Hangers"", ""Crib"", ""Room-darkening shades"", ""Hot water"", ""Cleaning products"", ""Hair dryer"", ""Elevator"", ""Blender"", ""Essentials"", ""Coffee maker: french press"", ""Dishwasher"", ""Wifi"", ""Extra pillows and blankets"", ""Kitchen"", ""Rice maker"", ""Trash compactor"", ""Babysitter recommendations"", ""Hot water kettle"", ""Shared backyard \u2013 Not fully fenced"", ""Single level home"", ""Window guards"", ""Toaster"", ""Pack \u2019n play/Travel crib"", ""High chair"", ""Bathtub"", ""Heating"", ""Private patio or balcony"", ""Baking sheet"", ""Microwave"", ""Paid parking off premises"", ""Bed linens"", ""Long term stays allowed"", ""Paid parking on premises"", ""Portable fans""]",54,248.0,7,365,27,57,87,331,60,2,0,169,28,6944.0,4.6,4.5,4.43,4.78,4.83,4.58,4.48,0,1,1,0,0,0.51,1
22,Holiday London DB Room Let-on going,54730,2009-11-16,"November 16, 2009",5779,within a few hours,1.0,0.91,1,5,"['email', 'phone']",2,1,1,Islington,51.56861,-0.1127,Private room in rental unit,Private room,1,1 shared bath,1.0,1,1,"[""Cooking basics"", ""Wine glasses"", ""Iron"", ""Smoke alarm"", ""Fire extinguisher"", ""Stove"", ""First aid kit"", ""Dishes and silverware"", ""Shower gel"", ""Carbon monoxide alarm"", ""Coffee maker"", ""Refrigerator"", ""Conditioner"", ""Central heating"", ""Coffee"", ""Lock on bedroom door"", ""Body soap"", ""Dining table"", ""Dedicated workspace"", ""Lake access"", ""Laundromat nearby"", ""Free washer \u2013 In unit"", ""Children\u2019s dinnerware"", ""Luggage dropoff allowed"", ""Books and reading material"", ""Freezer"", ""Outlet covers"", ""Private entrance"", ""Paid street parking off premises"", ""Hangers"", ""Clothing storage: dresser"", ""Room-darkening shades"", ""Hot water"", ""Hair dryer"", ""Blender"", ""Essentials"", ""Wifi"", ""Extra pillows and blankets"", ""Kitchen"", ""Babysitter recommendations"", ""Hot water kettle"", ""Children\u2019s books and toys"", ""Self check-in"", ""Oven"", ""Toaster"", ""Ethernet connection"", ""Bathtub"", ""Building staff"", ""Private patio or balcony"", ""Baking sheet"", ""Shampoo"", ""Board games"", ""Bed linens"", ""Long term stays allowed"", ""Portable fans""]",55,72.0,1,29,18,43,70,345,54,11,0,183,101,7272.0,4.85,4.79,4.79,4.81,4.87,4.77,4.77,0,3,2,1,0,0.3,1
23,Bright Chelsea  Apartment. Chelsea!,60302,2009-12-05,"December 05, 2009",5760,Not Available,0.0,0.67,0,1,"['email', 'phone']",2,1,1,Kensington and Chelsea,51.4878,-0.16813,Entire rental unit,Entire home/apt,2,1 bath,1.0,1,1,"[""Cooking basics"", ""Washer"", ""Air conditioning"", ""Iron"", ""Smoke alarm"", ""Fire extinguisher"", ""Host greets you"", ""Dishes and silverware"", ""TV with standard cable"", ""Carbon monoxide alarm"", ""Coffee maker"", ""Refrigerator"", ""Dedicated workspace"", ""Luggage dropoff allowed"", ""Dryer"", ""Hangers"", ""Hot water"", ""Hair dryer"", ""Essentials"", ""Wifi"", ""Kitchen"", ""Heating"", ""Shampoo"", ""Microwave"", ""Long term stays allowed""]",25,120.0,4,30,0,0,0,103,97,1,0,0,9,1080.0,4.8,4.86,4.87,4.88,4.84,4.93,4.74,0,1,1,0,0,0.51,1
24,Very Central Modern 3-Bed/2 Bath By Oxford St W1,67564,2010-01-04,"January 04, 2010",5730,within an hour,1.0,0.89,1,15,"['email', 'phone', 'work_email']",3,1,1,Westminster,51.52195,-0.14094,Entire rental unit,Entire home/apt,6,2 baths,2.0,3,3,"[""Cooking basics"", ""Wine glasses"", ""Iron"", ""Smoke alarm"", ""Dishes and silverware"", ""Coffee maker"", ""Refrigerator"", ""TV"", ""Coffee"", ""Dining table"", ""Dedicated workspace"", ""Drying rack for clothing"", ""Free washer \u2013 In unit"", ""Electric stove"", ""Laundromat nearby"", ""Freezer"", ""Hangers"", ""Hot water"", ""Cleaning products"", ""Clothing storage: closet and wardrobe"", ""Hair dryer"", ""Elevator"", ""Essentials"", ""Dishwasher"", ""Wifi"", ""Kitchen"", ""Hot water kettle"", ""Single level home"", ""Oven"", ""Toaster"", ""Free dryer \u2013 In unit"", ""Bathtub"", ""Heating"", ""Baking sheet"", ""Microwave"", ""Paid parking off premises"", ""Bed linens"", ""Long term stays allowed"", ""Portable fans""]",39,510.0,3,365,12,26,53,328,56,0,0,165,0,0.0,4.77,4.83,4.72,4.72,4.72,4.89,4.61,0,2,2,0,0,0.32,1
25,Battersea live/work artist house,41759,2009-09-28,"September 28, 2009",5828,within a few hours,1.0,0.1,0,3,"['email', 'phone', 'work_email']",3,1,1,Wandsworth,51.47072,-0.16266,Entire townhouse,Entire home/apt,4,1.5 baths,1.5,1,1,"[""Cooking basics"", ""Wine glasses"", ""Iron"", ""Smoke alarm"", ""Dishes and silverware"", ""Miele oven"", ""Shower gel"", ""BBQ grill: charcoal"", ""Indoor fireplace: gas"", ""Carbon monoxide alarm"", ""Refrigerator"", ""Central heating"", ""Coffee"", ""Lockbox"", ""Clothing storage: closet and dresser"", ""Body soap"", ""Dining table"", ""Dedicated workspace"", ""Luggage dropoff allowed"", ""Drying rack for clothing"", ""Free washer \u2013 In unit"", ""Laundromat nearby"", ""Record player"", ""Books and reading material"", ""HDTV with Apple TV, Roku, Netflix"", ""Freezer"", ""Free residential garage on premises \u2013 1 space"", ""Private entrance"", ""Shared backyard \u2013 Fully fenced"", ""Hangers"", ""Room-darkening shades"", ""Hot water"", ""Barbecue utensils"", ""Cleaning products"", ""Garden view"", ""Bread maker"", ""Pets allowed"", ""Hair dryer"", ""Apple speaker Bluetooth sound system"", ""Bikes"", ""Exercise equipment: yoga mat, rowing"", ""Paid parking lot off premises"", ""Blender"", ""Coffee maker: espresso machine"", ""Essentials"", ""Dishwasher"", ""Wifi"", ""Extra pillows and blankets"", ""Kitchen"", ""Movie theater"", ""Rice maker"", ""Outdoor furniture"", ""Hot water kettle"", ""Outdoor dining area"", ""Self check-in"", ""Toaster"", ""Free dryer \u2013 In unit"", ""Bathtub"", ""Ethernet connection"", ""Miele gas stove"", ""Private patio or balcony"", ""Baking sheet"", ""Shampoo"", ""Bed linens"", ""Long term stays allowed""]",68,213.0,90,1125,23,53,83,358,94,0,0,196,0,0.0,4.9,4.89,4.91,4.9,4.93,4.59,4.65,0,1,1,0,0,0.53,1
27,Calm and Cosy Apartment in Central London,682491846,2025-03-05,"March 05, 2025",191,within an hour,0.83,1.0,0,616,"['email', 'phone']",2,1,0,Westminster,51.51574751,-0.184245756,Entire rental unit,Entire home/apt,4,1 bath,1.0,2,2,"[""Washer"", ""Iron"", ""Smoke alarm"", ""Stove"", ""Carbon monoxide alarm"", ""Refrigerator"", ""TV"", ""Freezer"", ""Private entrance"", ""Hair dryer"", ""Essentials"", ""Wifi"", ""Kitchen"", ""Hot water kettle"", ""Oven"", ""Toaster"", ""Heating"", ""Microwave"", ""Bed linens""]",19,406.0,1,1125,29,59,89,364,0,0,0,201,0,0.0,4.79,4.76,4.77,4.94,4.96,4.9,4.64,1,71,71,0,0,0.64,1
28,Immaculate 2-Bed Apartment in London,682491846,2025-03-05,"March 05, 2025",191,within an hour,0.83,1.0,0,616,"['email', 'phone']",2,1,0,Newham,51.53179903,0.051732565,Entire rental unit,Entire home/apt,6,1 bath,1.0,1,4,"[""Washer"", ""Oven"", ""Smoke alarm"", ""Stove"", ""Toaster"", ""Patio or balcony"", ""Freezer"", ""Essentials"", ""Carbon monoxide alarm"", ""Kitchen"", ""Refrigerator"", ""Wifi"", ""Microwave"", ""Bed linens"", ""Hot water kettle"", ""TV""]",16,193.0,1,1125,29,59,89,364,2,2,0,203,18,3474.0,4.0,4.5,4.0,3.5,3.5,4.0,4.0,1,71,71,0,0,0.17,1
29,Immaculate 1-Bed Apartment in London,682491846,2025-03-05,"March 05, 2025",191,within an hour,0.83,1.0,0,616,"['email', 'phone']",2,1,0,Newham,51.53151605,0.051866987,Entire rental unit,Entire home/apt,5,1 bath,1.0,1,4,"[""Washer"", ""Iron"", ""Smoke alarm"", ""Stove"", ""Carbon monoxide alarm"", ""Refrigerator"", ""TV"", ""Freezer"", ""Hair dryer"", ""Patio or balcony"", ""Essentials"", ""Wifi"", ""Kitchen"", ""Hot water kettle"", ""Oven"", ""Toaster"", ""Heating"", ""Microwave"", ""Bed linens""]",19,260.0,1,1125,29,59,89,364,0,0,0,203,0,0.0,4.83,4.86,4.6,5.0,4.98,4.79,4.69,1,71,71,0,0,0.27,1
30,1Br-Sleeps4-35minToCentralLondon-40minToHeathrow,682491846,2025-03-05,"March 05, 2025",191,within an hour,0.83,1.0,0,616,"['email', 'phone']",2,1,0,Brent,51.54358614,-0.265370408,Entire rental unit,Entire home/apt,4,1 bath,1.0,1,4,"[""Washer"", ""Iron"", ""Smoke alarm"", ""Stove"", ""Carbon monoxide alarm"", ""Refrigerator"", ""TV"", ""Freezer"", ""Private entrance"", ""Hair dryer"", ""Patio or balcony"", ""Essentials"", ""Wifi"", ""Kitchen"", ""Hot water kettle"", ""Oven"", ""Toaster"", ""Pack \u2019n play/Travel crib"", ""Microwave"", ""Bed linens"", ""Free parking on premises""]",21,105.0,1,1125,24,54,84,359,0,0,0,198,0,0.0,4.42,4.59,4.44,4.41,4.5,4.54,4.41,1,71,71,0,0,0.64,1
31,Studio - 1 Bed - CloseToElizabethLine&Westfield,682491846,2025-03-05,"March 05, 2025",191,within an hour,0.83,1.0,0,616,"['email', 'phone']",2,1,0,Havering,51.58914,0.17028,Entire rental unit,Entire home/apt,2,1 bath,1.0,0,1,"[""Washer"", ""Smoke alarm"", ""Stove"", ""Toaster"", ""Free parking on premises"", ""Freezer"", ""Essentials"", ""Carbon monoxide alarm"", ""Backyard"", ""Kitchen"", ""Refrigerator"", ""Wifi"", ""City skyline view"", ""Bed linens"", ""Private entrance"", ""Hot water kettle"", ""TV""]",17,96.0,1,1125,29,59,89,364,2,1,0,203,9,864.0,4.0,4.5,4.5,2.5,3.0,4.5,4.0,1,71,71,0,0,0.11,1
32,Lovely flat near train station and central london,682491846,2025-03-05,"March 05, 2025",191,within an hour,0.83,1.0,0,616,"['email', 'phone']",2,1,0,Brent,51.55566262,-0.241947788,Entire rental unit,Entire home/apt,3,1 bath,1.0,0,2,"[""Smoke alarm"", ""Stove"", ""Carbon monoxide alarm"", ""Refrigerator"", ""TV"", ""Freezer"", ""Backyard"", ""Private entrance"", ""Garden view"", ""Pets allowed"", ""Hair dryer"", ""Essentials"", ""Wifi"", ""Kitchen"", ""Hot water kettle"", ""Oven"", ""Toaster"", ""Heating"", ""Microwave"", ""Bed linens"", ""Free parking on premises""]",21,165.0,1,1125,29,59,89,364,2,0,0,203,0,0.0,2.5,3.5,2.0,4.0,3.5,3.5,3.0,1,71,71,0,0,0.09,1
33,Peaceful well equipped flat near central London,682491846,2025-03-05,"March 05, 2025",191,within an hour,0.83,1.0,0,616,"['email', 'phone']",2,1,0,Brent,51.55373007,-0.239799571,Entire rental unit,Entire home/apt,3,1 bath,1.0,1,2,"[""Garden view"", ""Washer"", ""Oven"", ""Smoke alarm"", ""Pets allowed"", ""Stove"", ""Heating"", ""Freezer"", ""Essentials"", ""Carbon monoxide alarm"", ""Backyard"", ""Kitchen"", ""Refrigerator"", ""Wifi"", ""Microwave"", ""Bed linens"", ""Free parking on premises"", ""Hot water kettle""]",18,338.0,1,1125,23,53,83,358,1,0,0,197,0,0.0,3.0,3.0,5.0,5.0,4.0,5.0,5.0,1,71,71,0,0,0.05,1
34,Spacious Room C by Heathrow,359457955,2020-07-30,"July 30, 2020",1870,within an hour,1.0,0.86,0,10,"['email', 'phone']",2,1,1,Hounslow,51.47722,-0.38135,Private room in home,Private room,1,3 shared baths,3.0,1,1,"[""Lock on bedroom door"", ""Washer"", ""Smoke alarm"", ""Fire extinguisher"", ""First aid kit"", ""Carbon monoxide alarm"", ""Kitchen"", ""Free parking on premises""]",8,32.0,3,60,18,48,78,78,2,2,2,78,18,576.0,5.0,5.0,5.0,5.0,5.0,5.0,5.0,0,9,0,9,0,2.0,1
35,GuestReady - Charming studio with a private garden,685321211,2025-03-20,"March 20, 2025",176,within an hour,1.0,0.92,0,1,"['email', 'phone']",2,1,0,Barnet,51.57016643,-0.195195781,Entire rental unit,Entire home/apt,2,1 bath,1.0,1,1,"[""Lockbox"", ""Self check-in"", ""Iron"", ""Hair dryer"", ""Smoke alarm"", ""Toaster"", ""Heating"", ""Dishes and silverware"", ""Essentials"", ""Refrigerator"", ""Wifi"", ""Microwave"", ""Bed linens"", ""Hangers"", ""Hot water kettle"", ""Hot water"", ""TV""]",17,100.0,1,1125,7,30,54,239,5,5,2,167,46,4600.0,4.8,5.0,4.8,5.0,5.0,5.0,4.8,0,1,1,0,0,2.31,1
36,Unique Bright Room in City Centre,673788049,2025-01-18,"January 18, 2025",237,within an hour,1.0,1.0,0,16,"['email', 'phone']",2,1,1,Islington,51.53498,-0.09687,Private room in rental unit,Private room,2,1 shared bath,1.0,1,1,"[""Iron"", ""Smoke alarm"", ""Fire extinguisher"", ""First aid kit"", ""Shower gel"", ""Carbon monoxide alarm"", ""Mini fridge"", ""Conditioner"", ""TV"", ""Lock on bedroom door"", ""Coffee"", ""Body soap"", ""Dining table"", ""Dedicated workspace"", ""Private entrance"", ""Hangers"", ""Room-darkening shades"", ""Hot water"", ""Cleaning products"", ""Hair dryer"", ""Clothing storage: wardrobe"", ""Radiant heating"", ""Wifi"", ""Hot water kettle"", ""Bathtub"", ""Shampoo"", ""Bed linens"", ""Long term stays allowed"", ""Portable fans""]",29,55.0,4,365,3,27,57,131,0,0,0,78,0,0.0,0.0,0.0,0.0,0.0,0.0,0.0,0.0,1,3,1,2,0,0.0,0
37,London City Brick Lane 3 Bed 2 Bath 2 LV 1 Balcony,665042166,2024-12-02,"December 02, 2024",284,within an hour,1.0,0.98,0,20,"['email', 'phone']",2,1,1,Tower Hamlets,51.52490007,-0.070681774,Entire home,Entire home/apt,6,2 baths,2.0,3,3,"[""Cooking basics"", ""Washer"", ""Wine glasses"", ""Iron"", ""Smoke alarm"", ""Stove"", ""First aid kit"", ""Dishes and silverware"", ""Shower gel"", ""Carbon monoxide alarm"", ""Coffee maker"", ""Refrigerator"", ""City skyline view"", ""Conditioner"", ""Game console: PS4"", ""TV"", ""Coffee"", ""Lockbox"", ""Body soap"", ""Dining table"", ""Dedicated workspace"", ""Drying rack for clothing"", ""Laundromat nearby"", ""Books and reading material"", ""Freezer"", ""Dryer"", ""Clothing storage"", ""Outlet covers"", ""Private entrance"", ""Hangers"", ""Room-darkening shades"", ""Hot water"", ""Cleaning products"", ""Hair dryer"", ""Essentials"", ""Dishwasher"", ""Wifi"", ""Extra pillows and blankets"", ""Kitchen"", ""Outdoor furniture"", ""Hot water kettle"", ""Children\u2019s books and toys"", ""Self check-in"", ""Oven"", ""Crib - available upon request"", ""Toaster"", ""Ethernet connection"", ""Heating"", ""Private patio or balcony"", ""Shampoo"", ""Board games"", ""Microwave"", ""Bed linens"", ""Paid parking off premises"", ""Long term stays allowed"", ""Paid parking on premises""]",56,294.0,3,90,3,11,20,248,4,4,0,86,37,10878.0,4.75,4.75,5.0,5.0,5.0,4.5,5.0,1,19,19,0,0,1.9,1
38,Spacious 1-BDR in Edgware Road,450528902,2022-03-20,"March 20, 2022",1272,within an hour,1.0,0.86,0,47,"['email', 'phone']",2,1,1,Westminster,51.52276,-0.17395,Entire rental unit,Entire home/apt,4,1 bath,1.0,1,1,"[""Cooking basics"", ""Washer"", ""Smoke alarm"", ""Stove"", ""Shower gel"", ""Carbon monoxide alarm"", ""Refrigerator"", ""Conditioner"", ""Housekeeping - available at extra cost"", ""TV"", ""Lockbox"", ""Body soap"", ""Drying rack for clothing"", ""Freezer"", ""Clothing storage"", ""Hangers"", ""Hot water"", ""Cleaning products"", ""Wifi"", ""Kitchen"", ""Hot water kettle"", ""Bidet"", ""Self check-in"", ""Oven"", ""Crib - available upon request"", ""Toaster"", ""Heating"", ""Bathtub"", ""Shampoo"", ""Bed linens"", ""High chair - available upon request"", ""Long term stays allowed""]",32,200.0,4,365,29,59,89,90,0,0,0,90,0,0.0,4.43,4.48,4.54,4.85,4.89,4.42,4.42,0,32,32,0,0,0.86,1
39,Penthouse 2-Bed Apartment in The Heart Of E15,682491846,2025-03-05,"March 05, 2025",191,within an hour,0.83,1.0,0,616,"['email', 'phone']",2,1,0,Newham,51.53787413,-0.009680997,Entire rental unit,Entire home/apt,4,2 baths,2.0,2,2,"[""Washer"", ""Oven"", ""Smoke alarm"", ""Stove"", ""Patio or balcony"", ""Heating"", ""Freezer"", ""Essentials"", ""Sound system"", ""Carbon monoxide alarm"", ""Kitchen"", ""Refrigerator"", ""Wifi"", ""Microwave"", ""Bed linens"", ""Paid parking off premises"", ""Hot water kettle"", ""TV""]",18,454.0,1,1125,28,58,88,363,3,1,0,202,9,4086.0,3.33,3.0,3.0,3.0,2.33,4.67,3.33,1,71,71,0,0,0.15,1
40,Lovely & Cosy 2 Beds London skyline view,682491846,2025-03-05,"March 05, 2025",191,within an hour,0.83,1.0,0,616,"['email', 'phone']",2,1,0,Tower Hamlets,51.50970403,-0.001758563,Entire rental unit,Entire home/apt,4,2 baths,2.0,2,2,"[""Washer"", ""Iron"", ""Smoke alarm"", ""Stove"", ""Carbon monoxide alarm"", ""Refrigerator"", ""City skyline view"", ""TV"", ""Freezer"", ""Pets allowed"", ""Essentials"", ""Dishwasher"", ""Wifi"", ""Kitchen"", ""Hot water kettle"", ""Oven"", ""Heating"", ""Sound system"", ""Microwave"", ""Paid parking off premises"", ""Bed linens""]",21,291.0,1,1125,28,58,88,363,1,0,0,202,0,0.0,1.0,1.0,1.0,1.0,1.0,1.0,1.0,1,71,71,0,0,0.05,1
41,Charming 2-Bed House in London,682491846,2025-03-05,"March 05, 2025",191,within an hour,0.83,1.0,0,616,"['email', 'phone']",2,1,0,Greenwich,51.49859,0.0936,Entire home,Entire home/apt,4,2 baths,2.0,2,2,"[""Washer"", ""Iron"", ""Smoke alarm"", ""Stove"", ""Carbon monoxide alarm"", ""Refrigerator"", ""TV"", ""Freezer"", ""Private entrance"", ""Hair dryer"", ""Essentials"", ""Wifi"", ""Kitchen"", ""Hot water kettle"", ""Oven"", ""Toaster"", ""Heating"", ""Shampoo"", ""Microwave"", ""Bed linens"", ""Free parking on premises""]",21,163.0,1,1125,29,59,89,364,2,2,0,203,18,2934.0,3.5,3.5,3.5,3.5,3.0,3.5,4.0,1,71,71,0,0,0.18,1
42,Student Only Stylish Studios in Great Court London,519945528,2023-06-14,"June 14, 2023",821,Not Available,0.0,0.0,1,731,"['email', 'phone', 'work_email']",3,1,1,Southwark,51.4870732,-0.0660346,Entire rental unit,Entire home/apt,2,1 bath,1.0,1,1,"[""Cooking basics"", ""Smoke alarm"", ""Stove"", ""Dishes and silverware"", ""Shower gel"", ""Refrigerator"", ""Conditioner"", ""Body soap"", ""Dedicated workspace"", ""Laundromat nearby"", ""Freezer"", ""Gym"", ""Private entrance"", ""Hot water"", ""Elevator"", ""Essentials"", ""Wifi"", ""Kitchen"", ""Oven"", ""Heating"", ""Shampoo"", ""Bed linens"", ""Long term stays allowed""]",23,77.0,2,365,14,22,48,48,0,0,0,48,0,0.0,4.9,4.9,4.85,4.92,4.9,4.79,4.64,1,91,82,9,0,0.34,1
43,Studio flat in central London,530444713,2023-08-07,"August 07, 2023",767,within an hour,1.0,0.99,0,7,['phone'],1,1,0,Tower Hamlets,51.51937553,-0.067508385,Entire rental unit,Entire home/apt,4,1 bath,1.0,1,2,"[""Wine glasses"", ""Smoke alarm"", ""Fire extinguisher"", ""First aid kit"", ""Dishes and silverware"", ""Carbon monoxide alarm"", ""Refrigerator"", ""Conditioner"", ""Coffee"", ""Body soap"", ""Dedicated workspace"", ""Luggage dropoff allowed"", ""Clothing storage"", ""Hangers"", ""Hot water"", ""Cleaning products"", ""Hair dryer"", ""Essentials"", ""Wifi"", ""Trash compactor"", ""Hot water kettle"", ""Bidet"", ""Toaster"", ""Heating"", ""Shampoo"", ""Bed linens"", ""Long term stays allowed"", ""Portable fans""]",28,78.0,1,365,25,54,84,105,3,3,1,105,28,2184.0,2.67,3.67,3.67,3.0,3.0,4.67,2.67,1,6,2,4,0,1.15,1
44,Edmund Point - 904,40350717,2015-08-03,"August 03, 2015",3693,within a few hours,1.0,0.86,0,42,"['email', 'phone', 'work_email']",3,1,1,Hammersmith and Fulham,51.5273645,-0.2355447,Entire rental unit,Entire home/apt,4,1 bath,1.0,1,1,"[""Cooking basics"", ""Washer"", ""Wine glasses"", ""Iron"", ""Smoke alarm"", ""Stove"", ""Dishes and silverware"", ""Refrigerator"", ""TV"", ""Coffee"", ""Body soap"", ""Dining table"", ""Dedicated workspace"", ""Housekeeping available 24 hours, every day - available at extra cost"", ""Drying rack for clothing"", ""Freezer"", ""Clothing storage"", ""Exterior security cameras on property"", ""Hangers"", ""Room-darkening shades"", ""Hot water"", ""Cleaning products"", ""Hair dryer"", ""Paid parking lot off premises"", ""Elevator"", ""Dishwasher"", ""Wifi"", ""Extra pillows and blankets"", ""Kitchen"", ""Coffee maker: Nespresso"", ""Outdoor furniture"", ""Hot water kettle"", ""Single level home"", ""Self check-in"", ""Oven"", ""Toaster"", ""Pack \u2019n play/Travel crib"", ""Free dryer \u2013 In unit"", ""High chair"", ""Heating"", ""Building staff"", ""Private patio or balcony"", ""Microwave"", ""Bed linens"", ""Long term stays allowed"", ""Portable fans""]",47,159.0,1,1125,14,35,41,316,0,0,0,155,0,0.0,0.0,0.0,0.0,0.0,0.0,0.0,0.0,0,19,19,0,0,0.0,0
45,Smart 3,587755665,2024-07-05,"July 05, 2024",434,within an hour,0.99,1.0,0,35,"['email', 'phone']",2,0,1,Croydon,51.39943183,-0.099313252,Private room in rental unit,Private room,2,Private 0.5 baths,0.5,1,1,"[""Lock on bedroom door"", ""Washer"", ""Exterior security cameras on property"", ""Wifi"", ""Kitchen"", ""TV""]",6,50.0,1,365,20,46,76,351,0,0,0,190,0,0.0,0.0,0.0,0.0,0.0,0.0,0.0,0.0,1,15,11,4,0,0.0,0
46,Modern 3BR House | Near Olympic Park & Westfield,681201116,2025-02-26,"February 26, 2025",198,within an hour,1.0,0.98,0,7,"['email', 'phone']",2,0,1,Newham,51.54821928,-0.013367869,Entire home,Entire home/apt,12,2.5 baths,2.5,3,8,"[""Cooking basics"", ""Washer"", ""Wine glasses"", ""Iron"", ""Smoke alarm"", ""Stove"", ""Dishes and silverware"", ""Shower gel"", ""Refrigerator"", ""TV"", ""Freezer"", ""Dryer"", ""Clothing storage"", ""Exterior security cameras on property"", ""Backyard"", ""Hangers"", ""Room-darkening shades"", ""Hot water"", ""Hair dryer"", ""Dishwasher"", ""Wifi"", ""Kitchen"", ""Hot water kettle"", ""Oven"", ""Toaster"", ""Heating"", ""Bathtub"", ""Shampoo"", ""Microwave"", ""Bed linens"", ""Paid parking on premises""]",31,268.0,1,365,10,20,35,265,0,0,0,110,0,0.0,4.75,4.8,4.63,4.95,4.96,4.77,4.75,0,7,7,0,0,1.65,1
47,Luxurious Penthouse in London,292738920,2019-09-06,"September 06, 2019",2198,within an hour,1.0,1.0,0,3,['email'],1,1,0,Barnet,51.56497547,-0.223397836,Entire rental unit,Entire home/apt,4,1 bath,1.0,2,2,"[""Washer"", ""Outdoor dining area"", ""Self check-in"", ""Smoke alarm"", ""Dedicated workspace"", ""Exercise equipment"", ""Fire extinguisher"", ""First aid kit"", ""Building staff"", ""Carbon monoxide alarm"", ""Indoor fireplace"", ""Wifi"", ""Kitchen"", ""Paid parking on premises"", ""TV""]",15,208.0,3,365,28,56,86,361,0,0,0,199,0,0.0,4.97,4.94,5.0,4.97,4.99,4.79,4.9,0,1,1,0,0,1.09,1
48,CityLuxe Angel,120548805,2017-03-13,"March 13, 2017",3105,within an hour,0.99,0.77,0,26,"['email', 'phone']",2,1,1,Islington,51.53663,-0.09277,Private room in bed and breakfast,Private room,3,1 private bath,1.0,1,1,"[""Washer"", ""Iron"", ""Smoke alarm"", ""Fire extinguisher"", ""Shower gel"", ""Carbon monoxide alarm"", ""Coffee maker"", ""Conditioner"", ""TV"", ""Lock on bedroom door"", ""Body soap"", ""Cleaning available during stay"", ""Dining table"", ""Dedicated workspace"", ""Luggage dropoff allowed"", ""Drying rack for clothing"", ""Laundromat nearby"", ""Books and reading material"", ""Clothing storage"", ""Private entrance"", ""Hangers"", ""Hot water"", ""Cleaning products"", ""Pool table"", ""Hair dryer"", ""Hot tub"", ""Breakfast"", ""Essentials"", ""Wifi"", ""Extra pillows and blankets"", ""Hot water kettle"", ""Heating"", ""Bathtub"", ""Life size games"", ""Shampoo"", ""Board games"", ""Microwave"", ""Bed linens"", ""Paid parking off premises"", ""Ceiling fan"", ""Long term stays allowed"", ""Paid parking on premises""]",42,109.0,1,365,10,40,70,340,1,1,0,181,9,981.0,5.0,5.0,5.0,5.0,5.0,5.0,5.0,0,21,19,2,0,0.75,1
49,Luxury suite near Kenwood!,492668291,2022-12-25,"December 25, 2022",992,within an hour,0.92,0.96,0,20,['phone'],1,1,1,Barnet,51.58011243,-0.169652188,Private room in home,Private room,2,1 shared bath,1.0,1,1,"[""Lock on bedroom door"", ""Exterior security cameras on property"", ""Wifi"", ""Kitchen"", ""Free parking on premises""]",5,81.0,1,365,29,56,80,355,2,2,1,194,18,1458.0,5.0,5.0,5.0,5.0,5.0,5.0,5.0,1,19,2,17,0,1.25,1
50,A60: Chic Apt • Sleeps 7 • Terrace • Cntral London,525019741,2023-07-11,"July 11, 2023",794,within an hour,1.0,0.99,1,19,"['email', 'phone']",2,1,1,Hackney,51.54604016,-0.073502298,Entire rental unit,Entire home/apt,7,1 bath,1.0,2,4,"[""Cooking basics"", ""Washer"", ""Wine glasses"", ""Smoke alarm"", ""Fire extinguisher"", ""Stove"", ""Dishes and silverware"", ""Shower gel"", ""Carbon monoxide alarm"", ""Refrigerator"", ""Conditioner"", ""TV"", ""Coffee"", ""Body soap"", ""Cleaning available during stay"", ""Dining table"", ""Dedicated workspace"", ""Luggage dropoff allowed"", ""Laundromat nearby"", ""Books and reading material"", ""Freezer"", ""Clothing storage"", ""Exterior security cameras on property"", ""Private entrance"", ""Hangers"", ""Room-darkening shades"", ""Hot water"", ""Cleaning products"", ""Hair dryer"", ""Patio or balcony"", ""Essentials"", ""Dishwasher"", ""Wifi"", ""Extra pillows and blankets"", ""Kitchen"", ""Smart lock"", ""Outdoor furniture"", ""Hot water kettle"", ""Self check-in"", ""Oven"", ""Toaster"", ""Heating"", ""Shampoo"", ""Microwave"", ""Paid parking off premises"", ""Bed linens"", ""Long term stays allowed"", ""Portable fans""]",48,190.0,1,365,7,24,52,71,1,1,0,71,9,1710.0,5.0,5.0,5.0,5.0,5.0,5.0,5.0,1,19,7,12,0,0.48,1
51,Bright & Spacious Double Room,685723820,2025-03-22,"March 22, 2025",174,within an hour,1.0,0.5,0,1,"['email', 'phone']",2,1,0,Barnet,51.58665784,-0.178013216,Private room in rental unit,Private room,1,1 shared bath,1.0,1,1,"[""Lock on bedroom door"", ""Washer"", ""Self check-in"", ""Lockbox"", ""Smoke alarm"", ""Fire extinguisher"", ""First aid kit"", ""Exterior security cameras on property"", ""Carbon monoxide alarm"", ""Wifi"", ""Kitchen"", ""TV""]",12,44.0,3,90,20,33,56,56,1,1,0,56,9,396.0,5.0,5.0,5.0,5.0,5.0,5.0,5.0,0,1,0,1,0,0.63,1
52,Beautiful studio Apartment in central London,682491846,2025-03-05,"March 05, 2025",191,within an hour,0.83,1.0,0,616,"['email', 'phone']",2,1,0,Westminster,51.52038133,-0.169779399,Entire rental unit,Entire home/apt,3,1 bath,1.0,1,2,"[""Washer"", ""Air conditioning"", ""Iron"", ""Smoke alarm"", ""Stove"", ""Carbon monoxide alarm"", ""Coffee maker"", ""Refrigerator"", ""TV"", ""Freezer"", ""Hair dryer"", ""Essentials"", ""Wifi"", ""Kitchen"", ""Hot water kettle"", ""Oven"", ""Toaster"", ""Heating"", ""Shampoo"", ""Microwave"", ""Bed linens""]",21,275.0,1,1125,29,59,89,364,1,0,0,201,0,0.0,3.0,2.0,4.0,2.0,4.0,4.0,3.0,1,71,71,0,0,0.06,1
53,Remarkable 2-Bedroom Apartment with an EnSite,682491846,2025-03-05,"March 05, 2025",191,within an hour,0.83,1.0,0,616,"['email', 'phone']",2,1,0,Brent,51.54503,-0.21654,Entire rental unit,Entire home/apt,6,2 baths,2.0,2,3,"[""Washer"", ""Oven"", ""Iron"", ""Hair dryer"", ""Smoke alarm"", ""Toaster"", ""Heating"", ""Freezer"", ""Essentials"", ""Kitchen"", ""Refrigerator"", ""Wifi"", ""Microwave"", ""Bed linens"", ""Private entrance"", ""Hot water kettle"", ""TV""]",17,245.0,1,1125,29,59,89,364,1,0,0,202,0,0.0,1.0,1.0,1.0,1.0,5.0,1.0,1.0,1,71,71,0,0,0.04,1
54,Captivating 1-Bed Apartment in London,682491846,2025-03-05,"March 05, 2025",191,within an hour,0.83,1.0,0,616,"['email', 'phone']",2,1,0,Westminster,51.5206681,-0.170115987,Entire rental unit,Entire home/apt,4,1 bath,1.0,1,2,"[""Washer"", ""Iron"", ""Smoke alarm"", ""Stove"", ""Carbon monoxide alarm"", ""Coffee maker"", ""Refrigerator"", ""TV"", ""Freezer"", ""Private entrance"", ""Hair dryer"", ""Essentials"", ""Wifi"", ""Kitchen"", ""Hot water kettle"", ""Oven"", ""Toaster"", ""Pack \u2019n play/Travel crib"", ""Heating"", ""Microwave"", ""Paid parking off premises"", ""Bed linens""]",22,1594.0,1,1125,25,55,85,360,4,4,0,197,37,58978.0,4.0,4.5,4.0,4.25,4.75,4.0,4.25,1,71,71,0,0,0.36,1
55,Stunning 1-Bed Apartment in London,682491846,2025-03-05,"March 05, 2025",191,within an hour,0.83,1.0,0,616,"['email', 'phone']",2,1,0,Westminster,51.52061872,-0.172167521,Entire rental unit,Entire home/apt,3,1 bath,1.0,1,2,"[""Washer"", ""Iron"", ""Smoke alarm"", ""Stove"", ""Carbon monoxide alarm"", ""Coffee maker"", ""Refrigerator"", ""TV"", ""Freezer"", ""Private entrance"", ""Hair dryer"", ""Essentials"", ""Wifi"", ""Kitchen"", ""Hot water kettle"", ""Oven"", ""Toaster"", ""Pack \u2019n play/Travel crib"", ""Shampoo"", ""Microwave"", ""Bed linens""]",21,1780.0,1,1125,29,59,89,364,1,0,0,201,0,0.0,3.0,3.0,4.0,5.0,3.0,4.0,3.0,1,71,71,0,0,0.08,1
56,City Centre Chic Apartment in London,682491846,2025-03-05,"March 05, 2025",191,within an hour,0.83,1.0,0,616,"['email', 'phone']",2,1,0,Westminster,51.52240603,-0.170148473,Entire rental unit,Entire home/apt,3,1 bath,1.0,1,2,"[""Washer"", ""Air conditioning"", ""Smoke alarm"", ""Stove"", ""Carbon monoxide alarm"", ""Coffee maker"", ""Refrigerator"", ""TV"", ""Freezer"", ""Hair dryer"", ""Essentials"", ""Wifi"", ""Kitchen"", ""Hot water kettle"", ""Oven"", ""Pack \u2019n play/Travel crib"", ""High chair"", ""Microwave"", ""Bed linens""]",19,227.0,1,1125,29,59,89,364,0,0,0,201,0,0.0,4.86,4.94,4.69,4.89,5.0,4.78,4.78,1,71,71,0,0,0.22,1
57,Incredible Studio in Central London,682491846,2025-03-05,"March 05, 2025",191,within an hour,0.83,1.0,0,616,"['email', 'phone']",2,1,0,Lambeth,51.47448,-0.12403,Entire rental unit,Entire home/apt,2,1 bath,1.0,0,1,"[""Oven"", ""Iron"", ""Hair dryer"", ""Smoke alarm"", ""Stove"", ""Toaster"", ""Free parking on premises"", ""Freezer"", ""Essentials"", ""Carbon monoxide alarm"", ""Kitchen"", ""Refrigerator"", ""Wifi"", ""City skyline view"", ""Bed linens"", ""Microwave"", ""Hot water kettle""]",17,103.0,1,1125,29,59,89,364,0,0,0,202,0,0.0,4.83,4.83,5.0,5.0,5.0,5.0,4.83,1,71,71,0,0,0.04,1
58,Zone one 580 square feets flat,685569024,2025-03-21,"March 21, 2025",175,within an hour,1.0,1.0,0,1,"['email', 'phone']",2,1,0,Kensington and Chelsea,51.48942538,-0.197532349,Entire rental unit,Entire home/apt,2,1 bath,1.0,1,1,"[""Cooking basics"", ""Washer"", ""Wine glasses"", ""Iron"", ""Dishes and silverware"", ""Shower gel"", ""Carbon monoxide alarm"", ""Refrigerator"", ""TV"", ""Coffee"", ""Body soap"", ""Dining table"", ""Dedicated workspace"", ""Drying rack for clothing"", ""Gas stove"", ""Books and reading material"", ""Freezer"", ""Clothing storage: closet"", ""Hangers"", ""Hot water"", ""Cleaning products"", ""Hair dryer"", ""Wifi"", ""Kitchen"", ""Coffee maker: drip coffee maker"", ""Hot water kettle"", ""Oven"", ""Heating"", ""Shampoo"", ""Bed linens"", ""Housekeeping available every day"", ""Long term stays allowed""]",32,90.0,3,365,3,9,15,49,2,2,2,49,18,1620.0,4.5,5.0,4.5,5.0,4.5,5.0,5.0,0,1,1,0,0,2.0,1
59,Bright Battersea apartment,7487932,2013-07-15,"July 15, 2013",4442,within an hour,0.8,0.67,0,1,"['email', 'phone', 'work_email']",3,1,1,Wandsworth,51.4733,-0.14788,Entire rental unit,Entire home/apt,2,1 bath,1.0,2,1,"[""Washer"", ""Air conditioning"", ""Outdoor dining area"", ""Smoke alarm"", ""Dedicated workspace"", ""Fire extinguisher"", ""First aid kit"", ""Carbon monoxide alarm"", ""Wifi"", ""Kitchen"", ""TV""]",11,136.0,13,80,11,41,71,71,0,0,0,71,0,0.0,0.0,0.0,0.0,0.0,0.0,0.0,0.0,0,1,1,0,0,0.0,0
60,Your home away from home,584658386,2024-06-20,"June 20, 2024",449,Not Available,0.0,0.0,0,1,"['email', 'phone']",2,1,1,Islington,51.55414715,-0.090246946,Private room in home,Private room,1,1 shared bath,1.0,1,1,"[""Lock on bedroom door"", ""Washer"", ""Smoke alarm"", ""BBQ grill"", ""Wifi"", ""Kitchen"", ""Outdoor dining area""]",7,68.0,60,90,27,57,87,362,0,0,0,200,0,0.0,4.46,4.46,4.52,4.73,4.76,4.29,4.33,0,1,0,1,0,1.46,1
61,London studio - self contained bathroom & kitchen,684980043,2025-03-18,"March 18, 2025",178,a few days or more,0.1,0.5,0,2,['phone'],1,1,1,Haringey,51.56624293,-0.106270792,Entire rental unit,Entire home/apt,2,1 bath,1.0,1,1,"[""Wine glasses"", ""Washer"", ""Air conditioning"", ""Iron"", ""Smoke alarm"", ""Fire extinguisher"", ""First aid kit"", ""Shower gel"", ""Carbon monoxide alarm"", ""Conditioner"", ""TV"", ""Lockbox"", ""Body soap"", ""Dining table"", ""Dedicated workspace"", ""Clothing storage"", ""Hangers"", ""Hot water"", ""Cleaning products"", ""Hair dryer"", ""Essentials"", ""Wifi"", ""Extra pillows and blankets"", ""Kitchen"", ""Self check-in"", ""Heating"", ""Bathtub"", ""Shampoo"", ""Bed linens""]",29,92.0,6,1125,30,60,90,365,0,0,0,203,0,0.0,4.9,4.9,4.9,4.96,4.97,4.79,4.91,0,2,1,1,0,0.5,1
62,1 Bedroom Flat in Brixton,35965279,2015-06-16,"June 16, 2015",3741,within a few hours,1.0,0.56,0,1,['phone'],1,1,1,Lambeth,51.46825786,-0.111775898,Entire condo,Entire home/apt,2,1 bath,1.0,1,1,"[""Wine glasses"", ""Washer"", ""Iron"", ""Smoke alarm"", ""Shower gel"", ""Refrigerator"", ""Conditioner"", ""Dryer \u2013\u00a0In unit"", ""Lockbox"", ""Body soap"", ""Dedicated workspace"", ""Drying rack for clothing"", ""Freezer"", ""Private entrance"", ""Hangers"", ""Hot water"", ""Cleaning products"", ""Hair dryer"", ""Patio or balcony"", ""Essentials"", ""Dishwasher"", ""Wifi"", ""Kitchen"", ""Hot water kettle"", ""Self check-in"", ""Oven"", ""Induction stove"", ""Toaster"", ""Heating"", ""Baking sheet"", ""Shampoo"", ""Microwave"", ""Bed linens""]",33,68.0,1,17,0,0,1,11,4,4,1,6,37,2516.0,5.0,5.0,5.0,4.75,5.0,4.5,4.75,0,1,1,0,0,2.0,1
63,5 Bed Town House,386507222,2021-01-29,"January 29, 2021",1687,within an hour,1.0,0.96,0,18,"['email', 'phone']",2,1,1,Wandsworth,51.4292473,-0.163938362,Entire home,Entire home/apt,10,2 baths,2.0,5,5,"[""Wine glasses"", ""Smoke alarm"", ""Fire extinguisher"", ""Outdoor kitchen"", ""Stove"", ""Coffee maker"", ""Refrigerator"", ""Conditioner"", ""Luggage dropoff allowed"", ""Free street parking"", ""Arcade games"", ""Private entrance"", ""Hangers"", ""Blender"", ""BBQ grill"", ""EV charger"", ""Hot water kettle"", ""Pack \u2019n play/Travel crib"", ""Cooking basics"", ""Washer"", ""Shower gel"", ""Mini fridge"", ""TV"", ""Dining table"", ""Dryer"", ""Clothing storage"", ""Room-darkening shades"", ""Hockey rink"", ""Hair dryer"", ""Dishwasher"", ""Wifi"", ""Trash compactor"", ""Smart lock"", ""Outdoor dining area"", ""Oven"", ""Baking sheet"", ""Iron"", ""Noise decibel monitors on property"", ""First aid kit"", ""Carbon monoxide alarm"", ""Body soap"", ""Cleaning available during stay"", ""Dedicated workspace"", ""Laundromat nearby"", ""Exterior security cameras on property"", ""Backyard"", ""Gym"", ""Hot water"", ""Essentials"", ""Outdoor furniture"", ""Toaster"", ""High chair"", ""Heating"", ""Sound system"", ""Indoor fireplace"", ""Bed linens"", ""Long term stays allowed"", ""Paid parking on premises"", ""Portable fans"", ""Game console"", ""Dishes and silverware"", ""Fireplace guards"", ""Coffee"", ""Freezer"", ""Sun loungers"", ""Crib"", ""Barbecue utensils"", ""Cleaning products"", ""Patio or balcony"", ""Fire pit"", ""Extra pillows and blankets"", ""Kitchen"", ""Movie theater"", ""Self check-in"", ""Ethernet connection"", ""Bathtub"", ""Shampoo"", ""Microwave"", ""Paid parking off premises"", ""Free parking on premises""]",80,591.0,2,365,17,45,74,320,3,3,1,185,28,16548.0,4.33,4.33,4.67,4.33,5.0,5.0,4.33,1,4,4,0,0,1.88,1
64,Spacious 2 bed 2 bath apartment in Cromwell Road.,681589009,2025-02-28,"February 28, 2025",196,within an hour,1.0,1.0,0,11,"['email', 'phone']",2,0,0,Kensington and Chelsea,51.4954438,-0.187185027,Entire rental unit,Entire home/apt,5,2 baths,2.0,2,2,"[""Cooking basics"", ""Washer"", ""Wine glasses"", ""Iron"", ""Smoke alarm"", ""Stove"", ""Dishes and silverware"", ""Shower gel"", ""Refrigerator"", ""Safe"", ""Conditioner"", ""TV"", ""Body soap"", ""Dining table"", ""Luggage dropoff allowed"", ""Drying rack for clothing"", ""Freezer"", ""Dryer"", ""Hangers"", ""Crib"", ""Hot water"", ""Hair dryer"", ""Elevator"", ""Dishwasher"", ""Wifi"", ""Extra pillows and blankets"", ""Kitchen"", ""Coffee maker: Nespresso"", ""Hot water kettle"", ""Oven"", ""Toaster"", ""High chair"", ""Heating"", ""Bathtub"", ""Shampoo"", ""Microwave"", ""Bed linens"", ""Long term stays allowed""]",38,386.0,5,365,21,51,81,171,1,1,0,171,10,3860.0,5.0,5.0,5.0,5.0,5.0,5.0,5.0,0,11,11,0,0,0.43,1
65,Single bed room in East London,16319305,2014-06-03,"June 03, 2014",4119,within an hour,1.0,1.0,0,1,"['email', 'phone', 'work_email']",3,1,1,Hackney,51.54841841,-0.063899596,Private room in rental unit,Private room,1,Shared 0.5 baths,0.5,1,1,"[""Washer"", ""Pets allowed"", ""Wifi"", ""Kitchen""]",4,55.0,2,365,30,60,90,365,2,2,1,203,18,990.0,5.0,5.0,5.0,4.0,4.5,4.5,5.0,0,1,0,1,0,1.3,1
66,Convenient Studio Apartment in Shoreditch,11570657,2014-01-23,"January 23, 2014",4250,within an hour,0.93,1.0,0,518,"['email', 'phone']",2,1,1,Hackney,51.5293974,-0.0805533,Entire rental unit,Entire home/apt,2,1 bath,1.0,1,1,"[""Cooking basics"", ""Washer"", ""Wine glasses"", ""Iron"", ""Smoke alarm"", ""Stove"", ""Host greets you"", ""Dishes and silverware"", ""Shower gel"", ""Carbon monoxide alarm"", ""Refrigerator"", ""TV"", ""Coffee"", ""Body soap"", ""Dining table"", ""Dedicated workspace"", ""Freezer"", ""Clothing storage"", ""Hangers"", ""Hot water"", ""Cleaning products"", ""Hair dryer"", ""Essentials"", ""Wifi"", ""Kitchen"", ""Hot water kettle"", ""Oven"", ""Toaster"", ""Heating"", ""Shampoo"", ""Microwave"", ""Bed linens"", ""Long term stays allowed""]",33,76.0,2,210,6,23,53,233,1,1,0,166,9,684.0,5.0,4.0,5.0,4.0,4.0,5.0,4.0,1,18,18,0,0,0.54,1
67,Central London Location,656626663,2024-10-11,"October 11, 2024",336,within an hour,1.0,0.96,0,3,['phone'],1,1,1,Hounslow,51.49264937,-0.260054246,Entire rental unit,Entire home/apt,4,1 bath,1.0,1,1,"[""Cooking basics"", ""Washer"", ""Wine glasses"", ""Iron"", ""Smoke alarm"", ""Fire extinguisher"", ""Host greets you"", ""First aid kit"", ""Dishes and silverware"", ""Shower gel"", ""Carbon monoxide alarm"", ""Refrigerator"", ""Central heating"", ""Housekeeping - available at extra cost"", ""Coffee"", ""Dining table"", ""Drying rack for clothing"", ""Gas stove"", ""Freezer"", ""Hangers"", ""Hot water"", ""Hair dryer"", ""Clothing storage: wardrobe"", ""Essentials"", ""Dishwasher"", ""Wifi"", ""Kitchen"", ""Single oven"", ""Hot water kettle"", ""Indoor fireplace"", ""Shampoo"", ""Bed linens"", ""Long term stays allowed""]",33,139.0,1,365,21,51,81,356,1,1,1,194,9,1251.0,5.0,5.0,5.0,5.0,5.0,5.0,5.0,0,3,3,0,0,1.0,1
68,Chic Central London Apart in Soho Mayfair,682491797,2025-03-05,"March 05, 2025",191,within an hour,0.92,0.99,0,300,"['email', 'phone']",2,1,0,Westminster,51.51052187,-0.135709675,Entire rental unit,Entire home/apt,2,1 bath,1.0,1,1,"[""Washer"", ""Iron"", ""Smoke alarm"", ""Stove"", ""Carbon monoxide alarm"", ""Refrigerator"", ""City skyline view"", ""TV"", ""Freezer"", ""Dryer"", ""Private entrance"", ""Hair dryer"", ""Essentials"", ""Dishwasher"", ""Wifi"", ""Kitchen"", ""Hot water kettle"", ""Oven"", ""Toaster"", ""Bed linens""]",20,647.0,1,1125,24,54,84,359,0,0,0,196,0,0.0,5.0,5.0,5.0,5.0,5.0,5.0,5.0,1,36,36,0,0,0.05,1
69,Charming Room in Restored Church,685725686,2025-03-22,"March 22, 2025",174,within a few hours,1.0,0.5,0,1,"['email', 'phone']",2,1,1,Hammersmith and Fulham,51.49987333,-0.245146964,Private room in rental unit,Private room,2,1 private bath,1.0,1,1,"[""Cooking basics"", ""Washer"", ""Wine glasses"", ""Iron"", ""Smoke alarm"", ""Exercise equipment"", ""Fire extinguisher"", ""Stove"", ""First aid kit"", ""Dishes and silverware"", ""Shower gel"", ""Coffee maker"", ""Refrigerator"", ""TV"", ""Coffee"", ""Body soap"", ""Dining table"", ""Dedicated workspace"", ""Drying rack for clothing"", ""Freezer"", ""Dryer"", ""Clothing storage"", ""Hangers"", ""Room-darkening shades"", ""Hot water"", ""Cleaning products"", ""Bread maker"", ""Hair dryer"", ""Elevator"", ""Blender"", ""Dishwasher"", ""Wifi"", ""Kitchen"", ""Hot water kettle"", ""Oven"", ""Toaster"", ""Ethernet connection"", ""Heating"", ""Sound system"", ""Baking sheet"", ""Shampoo"", ""Board games"", ""Microwave"", ""Bed linens"", ""Long term stays allowed""]",45,86.0,1,365,4,4,4,227,0,0,0,65,0,0.0,4.85,4.91,4.91,4.89,4.93,4.66,4.82,0,1,0,1,0,1.25,1
70,"free parking,Top location, Shops",549884896,2023-12-07,"December 07, 2023",645,within an hour,1.0,0.61,0,6,"['email', 'phone']",2,1,1,Barnet,51.61293106,-0.278033718,Entire rental unit,Entire home/apt,5,2 baths,2.0,2,5,"[""Cooking basics"", ""Washer"", ""Iron"", ""Smoke alarm"", ""Fire extinguisher"", ""Carbon monoxide alarm"", ""Refrigerator"", ""Housekeeping - available at extra cost"", ""TV"", ""Dining table"", ""Dedicated workspace"", ""Freezer"", ""Exterior security cameras on property"", ""Hangers"", ""Hot water"", ""Hair dryer"", ""Elevator"", ""Wifi"", ""Kitchen"", ""Hot water kettle"", ""Induction stove"", ""Free dryer"", ""Heating"", ""Bathtub"", ""Microwave"", ""Bed linens"", ""Free parking on premises""]",27,124.0,2,365,13,23,51,320,2,2,1,159,18,2232.0,5.0,5.0,5.0,5.0,5.0,5.0,5.0,0,6,6,0,0,1.87,1
71,Superior One Bedroom Apartment Near Gloucester LON,446820235,2022-02-25,"February 25, 2022",1295,within an hour,1.0,0.44,0,6311,"['email', 'phone']",2,1,1,Kensington and Chelsea,51.49504,-0.18325,Entire rental unit,Entire home/apt,2,1 bath,1.0,1,1,"[""Washer"", ""Air conditioning"", ""Iron"", ""Smoke alarm"", ""Exercise equipment"", ""Fire extinguisher"", ""Stove"", ""First aid kit"", ""Shower gel"", ""Carbon monoxide alarm"", ""Coffee maker"", ""Refrigerator"", ""Safe"", ""TV"", ""Coffee"", ""Body soap"", ""Cleaning available during stay"", ""Dining table"", ""Dedicated workspace"", ""Luggage dropoff allowed"", ""Drying rack for clothing"", ""Dryer"", ""Clothing storage"", ""Outlet covers"", ""Gym"", ""Private entrance"", ""Hangers"", ""Crib"", ""Hot water"", ""Cleaning products"", ""Pets allowed"", ""Hair dryer"", ""Baby monitor"", ""Elevator"", ""Essentials"", ""Dishwasher"", ""Kitchen"", ""Babysitter recommendations"", ""Hot water kettle"", ""Bidet"", ""Self check-in"", ""Oven"", ""Window guards"", ""Outdoor playground"", ""Toaster"", ""Pack \u2019n play/Travel crib"", ""Ethernet connection"", ""Bathtub"", ""Heating"", ""Building staff"", ""Sound system"", ""Baby bath"", ""Shampoo"", ""Microwave"", ""Paid parking off premises"", ""Long term stays allowed"", ""Paid parking on premises""]",57,563.0,1,365,29,59,89,364,0,0,0,201,0,0.0,4.99,4.98,4.98,5.0,5.0,4.91,4.97,0,495,495,0,0,0.6,1
72,Superior Two Bedroom Apartment Near Gloucester LON,446820235,2022-02-25,"February 25, 2022",1295,within an hour,1.0,0.44,0,6311,"['email', 'phone']",2,1,1,Kensington and Chelsea,51.4948,-0.18507,Entire rental unit,Entire home/apt,4,2 baths,2.0,2,3,"[""Washer"", ""Air conditioning"", ""Iron"", ""Smoke alarm"", ""Exercise equipment"", ""Fire extinguisher"", ""Stove"", ""First aid kit"", ""Shower gel"", ""Carbon monoxide alarm"", ""Coffee maker"", ""Refrigerator"", ""Safe"", ""TV"", ""Coffee"", ""Body soap"", ""Cleaning available during stay"", ""Dining table"", ""Dedicated workspace"", ""Luggage dropoff allowed"", ""Drying rack for clothing"", ""Dryer"", ""Clothing storage"", ""Outlet covers"", ""Gym"", ""Private entrance"", ""Hangers"", ""Crib"", ""Hot water"", ""Cleaning products"", ""Pets allowed"", ""Hair dryer"", ""Baby monitor"", ""Elevator"", ""Essentials"", ""Dishwasher"", ""Kitchen"", ""Babysitter recommendations"", ""Hot water kettle"", ""Bidet"", ""Self check-in"", ""Oven"", ""Window guards"", ""Outdoor playground"", ""Toaster"", ""Pack \u2019n play/Travel crib"", ""Ethernet connection"", ""Bathtub"", ""Heating"", ""Building staff"", ""Sound system"", ""Baby bath"", ""Shampoo"", ""Microwave"", ""Paid parking off premises"", ""Long term stays allowed"", ""Paid parking on premises""]",57,861.0,1,365,29,59,89,364,0,0,0,201,0,0.0,4.79,4.84,4.77,4.94,4.93,4.83,4.78,0,495,495,0,0,2.24,1
73,Standard Room Near Roughcut Television LON,446820235,2022-02-25,"February 25, 2022",1295,within an hour,1.0,0.44,0,6311,"['email', 'phone']",2,1,1,Westminster,51.5178,-0.13844,Entire rental unit,Entire home/apt,2,1 bath,1.0,1,1,"[""Wine glasses"", ""Air conditioning"", ""Iron"", ""Smoke alarm"", ""Exercise equipment"", ""Fire extinguisher"", ""First aid kit"", ""Shower gel"", ""TV with standard cable"", ""Carbon monoxide alarm"", ""Mini fridge"", ""Coffee maker"", ""Safe"", ""Coffee"", ""Body soap"", ""Cleaning available during stay"", ""Baby safety gates"", ""Luggage dropoff allowed"", ""Clothing storage"", ""Gym"", ""Private entrance"", ""Hangers"", ""Room-darkening shades"", ""Hot water"", ""Cleaning products"", ""Hair dryer"", ""Elevator"", ""Essentials"", ""Wifi"", ""Trash compactor"", ""Babysitter recommendations"", ""Bidet"", ""Self check-in"", ""Pack \u2019n play/Travel crib"", ""Ethernet connection"", ""Heating"", ""Building staff"", ""Sound system"", ""Shampoo"", ""Paid parking off premises"", ""Bed linens"", ""Long term stays allowed"", ""Paid parking on premises""]",43,391.0,1,365,29,59,89,364,0,0,0,201,0,0.0,4.78,4.86,4.88,4.83,4.98,4.98,4.73,0,495,495,0,0,0.28,1
74,Superior King Room Near Shameri Enterprises LON,446820235,2022-02-25,"February 25, 2022",1295,within an hour,1.0,0.44,0,6311,"['email', 'phone']",2,1,1,Westminster,51.50682,-0.13335,Entire rental unit,Entire home/apt,2,1 bath,1.0,1,1,"[""Wine glasses"", ""Air conditioning"", ""Iron"", ""Smoke alarm"", ""Exercise equipment"", ""Fire extinguisher"", ""First aid kit"", ""Shower gel"", ""TV with standard cable"", ""Carbon monoxide alarm"", ""Mini fridge"", ""Coffee maker"", ""Safe"", ""Coffee"", ""Body soap"", ""Cleaning available during stay"", ""Baby safety gates"", ""Luggage dropoff allowed"", ""Clothing storage"", ""Gym"", ""Private entrance"", ""Hangers"", ""Room-darkening shades"", ""Hot water"", ""Cleaning products"", ""Pets allowed"", ""Hair dryer"", ""Elevator"", ""Essentials"", ""Wifi"", ""Trash compactor"", ""Babysitter recommendations"", ""Bidet"", ""Self check-in"", ""Pack \u2019n play/Travel crib"", ""Ethernet connection"", ""Heating"", ""Building staff"", ""Sound system"", ""Shampoo"", ""Paid parking off premises"", ""Bed linens"", ""Long term stays allowed"", ""Paid parking on premises""]",44,667.0,1,365,29,59,89,364,0,0,0,201,0,0.0,4.58,4.74,4.64,4.74,4.73,4.94,4.59,0,495,495,0,0,3.21,1
75,R2: Stylish Mezzanine Loft London,270733285,2019-06-23,"June 23, 2019",2273,within an hour,1.0,1.0,0,12,"['email', 'phone']",2,1,1,Tower Hamlets,51.5325808,-0.0582185,Private room in home,Private room,2,3 shared baths,3.0,1,1,"[""Cooking basics"", ""Washer"", ""Iron"", ""Smoke alarm"", ""Fire extinguisher"", ""Stove"", ""First aid kit"", ""Dishes and silverware"", ""Carbon monoxide alarm"", ""Refrigerator"", ""Central heating"", ""Lock on bedroom door"", ""Dedicated workspace"", ""Freezer"", ""Paid street parking off premises"", ""Keypad"", ""Hot water"", ""Shared patio or balcony"", ""Hair dryer"", ""Essentials"", ""Wifi"", ""Kitchen"", ""Hot water kettle"", ""Self check-in"", ""Oven"", ""Toaster"", ""Microwave"", ""Long term stays allowed""]",28,54.0,3,365,27,45,64,154,0,0,0,154,0,0.0,4.93,4.96,4.86,4.93,5.0,4.96,4.75,0,11,0,11,0,0.22,1
76,One Bedroom Apartment Near Belgrave Square LON,446820235,2022-02-25,"February 25, 2022",1295,within an hour,1.0,0.44,0,6311,"['email', 'phone']",2,1,1,Westminster,51.49801678,-0.155218052,Entire rental unit,Entire home/apt,2,1 bath,1.0,1,1,"[""Washer"", ""Air conditioning"", ""Iron"", ""Smoke alarm"", ""Fire extinguisher"", ""Stove"", ""First aid kit"", ""Shower gel"", ""Carbon monoxide alarm"", ""Coffee maker"", ""Refrigerator"", ""Safe"", ""TV"", ""Coffee"", ""Body soap"", ""Cleaning available during stay"", ""Baby safety gates"", ""Dedicated workspace"", ""Luggage dropoff allowed"", ""Clothing storage"", ""Outlet covers"", ""Hangers"", ""Crib"", ""Hot water"", ""Cleaning products"", ""Hair dryer"", ""Baby monitor"", ""Elevator"", ""Essentials"", ""Dishwasher"", ""Wifi"", ""Kitchen"", ""Babysitter recommendations"", ""Hot water kettle"", ""Bidet"", ""Self check-in"", ""Oven"", ""Window guards"", ""Outdoor playground"", ""Toaster"", ""Ethernet connection"", ""Bathtub"", ""Heating"", ""Building staff"", ""Sound system"", ""Baby bath"", ""Shampoo"", ""Microwave"", ""Paid parking off premises"", ""Long term stays allowed""]",50,384.0,1,365,29,59,89,364,0,0,0,202,0,0.0,4.25,4.25,4.0,4.25,4.75,3.75,4.0,0,495,495,0,0,0.03,1
77,Deluxe King Room Near The Magic Hour LON,446820235,2022-02-25,"February 25, 2022",1295,within an hour,1.0,0.44,0,6311,"['email', 'phone']",2,1,1,Westminster,51.5060957,-0.147810447,Entire rental unit,Entire home/apt,2,1 bath,1.0,1,1,"[""Wine glasses"", ""Air conditioning"", ""Iron"", ""Smoke alarm"", ""Exercise equipment"", ""Fire extinguisher"", ""First aid kit"", ""Shower gel"", ""TV with standard cable"", ""Carbon monoxide alarm"", ""Mini fridge"", ""Coffee maker"", ""Safe"", ""Coffee"", ""Body soap"", ""Cleaning available during stay"", ""Baby safety gates"", ""Luggage dropoff allowed"", ""Clothing storage"", ""Gym"", ""Private entrance"", ""Hangers"", ""Room-darkening shades"", ""Hot water"", ""Cleaning products"", ""Pets allowed"", ""Hair dryer"", ""Elevator"", ""Essentials"", ""Wifi"", ""Trash compactor"", ""Babysitter recommendations"", ""Bidet"", ""Self check-in"", ""Pack \u2019n play/Travel crib"", ""Ethernet connection"", ""Heating"", ""Building staff"", ""Sound system"", ""Shampoo"", ""Paid parking off premises"", ""Bed linens"", ""Long term stays allowed"", ""Paid parking on premises""]",44,601.0,1,365,29,59,89,364,0,0,0,202,0,0.0,4.83,4.81,4.75,4.93,4.96,4.92,4.76,0,495,495,0,0,3.41,1
78,Superior King Room Near Carol Joy London LON,446820235,2022-02-25,"February 25, 2022",1295,within an hour,1.0,0.44,0,6311,"['email', 'phone']",2,1,1,Westminster,51.50730712,-0.151438656,Entire rental unit,Entire home/apt,2,1 bath,1.0,1,1,"[""Wine glasses"", ""Air conditioning"", ""Iron"", ""Smoke alarm"", ""Exercise equipment"", ""Fire extinguisher"", ""First aid kit"", ""Shower gel"", ""TV with standard cable"", ""Carbon monoxide alarm"", ""Mini fridge"", ""Safe"", ""Body soap"", ""Cleaning available during stay"", ""Baby safety gates"", ""Luggage dropoff allowed"", ""Clothing storage"", ""Gym"", ""Private entrance"", ""Hangers"", ""Room-darkening shades"", ""Hot water"", ""Cleaning products"", ""Pets allowed"", ""Hair dryer"", ""Elevator"", ""Essentials"", ""Wifi"", ""Trash compactor"", ""Babysitter recommendations"", ""Bidet"", ""Self check-in"", ""Pack \u2019n play/Travel crib"", ""Ethernet connection"", ""Bathtub"", ""Heating"", ""Building staff"", ""Sound system"", ""Shampoo"", ""Paid parking off premises"", ""Bed linens"", ""Long term stays allowed"", ""Paid parking on premises""]",43,941.0,1,365,29,59,89,364,0,0,0,202,0,0.0,4.76,4.69,4.76,4.93,4.95,4.31,4.64,0,495,495,0,0,0.47,1
79,Standard Double Room Near The Magic Circle LON,446820235,2022-02-25,"February 25, 2022",1295,within an hour,1.0,0.44,0,6311,"['email', 'phone']",2,1,1,Camden,51.52782038,-0.136772935,Entire rental unit,Entire home/apt,2,1 bath,1.0,1,1,"[""Wine glasses"", ""Air conditioning"", ""Iron"", ""Smoke alarm"", ""Exercise equipment"", ""Fire extinguisher"", ""First aid kit"", ""Shower gel"", ""TV with standard cable"", ""Carbon monoxide alarm"", ""Coffee maker"", ""Safe"", ""Coffee"", ""Body soap"", ""Cleaning available during stay"", ""Baby safety gates"", ""Luggage dropoff allowed"", ""Clothing storage"", ""Gym"", ""Private entrance"", ""Hangers"", ""Room-darkening shades"", ""Hot water"", ""Cleaning products"", ""Hair dryer"", ""Elevator"", ""Essentials"", ""Wifi"", ""Trash compactor"", ""Babysitter recommendations"", ""Bidet"", ""Self check-in"", ""Pack \u2019n play/Travel crib"", ""Ethernet connection"", ""Heating"", ""Building staff"", ""Sound system"", ""Shampoo"", ""Bed linens"", ""Long term stays allowed""]",40,255.0,1,365,29,59,89,364,0,0,0,201,0,0.0,0.0,0.0,0.0,0.0,0.0,0.0,0.0,0,495,495,0,0,0.0,0
80,Deluxe 2 Bedroom Apartment Near BelgraveSquare LON,446820235,2022-02-25,"February 25, 2022",1295,within an hour,1.0,0.44,0,6311,"['email', 'phone']",2,1,1,Westminster,51.49863,-0.15534,Entire rental unit,Entire home/apt,4,2 baths,2.0,2,3,"[""Washer"", ""Air conditioning"", ""Iron"", ""Smoke alarm"", ""Fire extinguisher"", ""Stove"", ""First aid kit"", ""Shower gel"", ""Carbon monoxide alarm"", ""Coffee maker"", ""Refrigerator"", ""Safe"", ""TV"", ""Coffee"", ""Body soap"", ""Cleaning available during stay"", ""Baby safety gates"", ""Dedicated workspace"", ""Luggage dropoff allowed"", ""Clothing storage"", ""Outlet covers"", ""Hangers"", ""Crib"", ""Hot water"", ""Cleaning products"", ""Hair dryer"", ""Baby monitor"", ""Elevator"", ""Essentials"", ""Dishwasher"", ""Wifi"", ""Kitchen"", ""Babysitter recommendations"", ""Hot water kettle"", ""Bidet"", ""Self check-in"", ""Oven"", ""Window guards"", ""Outdoor playground"", ""Toaster"", ""Ethernet connection"", ""Bathtub"", ""Heating"", ""Building staff"", ""Sound system"", ""Baby bath"", ""Shampoo"", ""Microwave"", ""Paid parking off premises"", ""Long term stays allowed""]",50,712.0,1,365,29,59,89,364,0,0,0,202,0,0.0,4.77,4.69,4.63,4.89,4.99,4.72,4.41,0,495,495,0,0,0.46,1
81,Open Space Flat (new built),465320871,2022-06-21,"June 21, 2022",1179,a few days or more,0.4,0.08,0,1,"['email', 'phone']",2,1,1,Hackney,51.54795,-0.06033,Entire rental unit,Entire home/apt,2,1 bath,1.0,1,1,"[""Washer"", ""Fire extinguisher"", ""Exterior security cameras on property"", ""Wifi"", ""Kitchen"", ""TV""]",6,110.0,2,365,23,53,83,358,0,0,0,196,0,0.0,4.96,4.94,4.94,4.96,4.96,4.91,4.87,0,1,1,0,0,0.73,1
82,London Friary PK,48706029,2015-11-10,"November 10, 2015",3594,within a few hours,1.0,1.0,0,2,"['email', 'phone']",2,1,0,Barnet,51.61899307,-0.156065002,Entire home,Entire home/apt,8,1.5 baths,1.5,4,4,"[""Washer"", ""Pool table"", ""Outdoor dining area"", ""Iron"", ""Smoke alarm"", ""Dedicated workspace"", ""Heating"", ""First aid kit"", ""Bed linens"", ""Carbon monoxide alarm"", ""Kitchen"", ""BBQ grill"", ""Wifi"", ""Extra pillows and blankets"", ""Free parking on premises"", ""Hot water"", ""TV""]",17,143.0,5,365,0,6,23,103,0,0,0,37,0,0.0,0.0,0.0,0.0,0.0,0.0,0.0,0.0,1,1,1,0,0,0.0,0
83,Stylish Penthouse City Apartment,355426883,2020-07-10,"July 10, 2020",1890,within an hour,0.8,1.0,0,3,"['email', 'phone']",2,1,1,Croydon,51.37796898,-0.102419816,Entire rental unit,Entire home/apt,4,2 baths,2.0,2,2,"[""Washer"", ""Air conditioning"", ""Smoke alarm"", ""Dedicated workspace"", ""Fire extinguisher"", ""First aid kit"", ""Exterior security cameras on property"", ""Carbon monoxide alarm"", ""Wifi"", ""Kitchen"", ""TV""]",11,245.0,1,365,24,52,82,356,1,1,0,196,9,2205.0,5.0,5.0,5.0,5.0,5.0,4.0,5.0,1,3,3,0,0,0.57,1
84,3BR House w/ Sauna & Hot Tub,685192502,2025-03-19,"March 19, 2025",177,within an hour,1.0,1.0,1,6,"['email', 'phone']",2,1,1,Barnet,51.63553683,-0.143235586,Entire home,Entire home/apt,8,1 bath,1.0,3,3,"[""Cooking basics"", ""Washer"", ""Wine glasses"", ""Iron"", ""Noise decibel monitors on property"", ""Smoke alarm"", ""Fire extinguisher"", ""Stove"", ""Courtyard view"", ""First aid kit"", ""Dishes and silverware"", ""Carbon monoxide alarm"", ""Coffee maker"", ""Private backyard"", ""Refrigerator"", ""Smoking allowed"", ""Housekeeping - available at extra cost"", ""TV"", ""Coffee"", ""Dining table"", ""Dedicated workspace"", ""Drying rack for clothing"", ""Private sauna"", ""Books and reading material"", ""Freezer"", ""Clothing storage"", ""Exterior security cameras on property"", ""Private entrance"", ""Sun loungers"", ""Hangers"", ""Room-darkening shades"", ""Barbecue utensils"", ""Cleaning products"", ""Garden view"", ""Pets allowed"", ""Hair dryer"", ""Hot tub"", ""Park view"", ""Essentials"", ""BBQ grill"", ""Dishwasher"", ""Fire pit"", ""Wifi"", ""Extra pillows and blankets"", ""Kitchen"", ""Hot water kettle"", ""Outdoor dining area"", ""Oven"", ""Toaster"", ""Heating"", ""Bathtub"", ""Private patio or balcony"", ""Board games"", ""Microwave"", ""Bed linens"", ""Paid parking on premises"", ""Portable fans""]",57,202.0,1,365,10,28,55,169,7,7,0,169,64,12928.0,4.71,4.86,4.86,4.57,4.86,4.71,4.86,1,6,6,0,0,2.63,1
86,"Double room - Zone 1, London",685987621,2025-03-23,"March 23, 2025",173,within a few hours,0.7,0.5,0,1,"['email', 'phone']",2,1,1,Lambeth,51.47521216,-0.128637303,Private room in rental unit,Private room,2,1 shared bath,1.0,1,1,"[""Lock on bedroom door"", ""Washer"", ""Smoke alarm"", ""Host greets you"", ""First aid kit"", ""Wifi"", ""Kitchen"", ""Paid parking on premises"", ""TV""]",9,47.0,1,2,3,12,39,39,4,4,4,39,37,1739.0,5.0,5.0,5.0,5.0,5.0,5.0,5.0,0,1,0,1,0,4.0,1
87,Huge 2Bedr/3Beds! Covent GDN 3min subway,74740436,2016-05-30,"May 30, 2016",3392,within an hour,1.0,0.98,1,13,"['email', 'phone']",2,1,1,Camden,51.51384735,-0.129176006,Entire rental unit,Entire home/apt,6,1 bath,1.0,2,3,"[""Cooking basics"", ""Wine glasses"", ""Iron"", ""Smoke alarm"", ""Fire extinguisher"", ""Stove"", ""First aid kit"", ""Dishes and silverware"", ""Shower gel"", ""Carbon monoxide alarm"", ""55 inch HDTV"", ""Refrigerator"", ""Game console: PS4"", ""Central heating"", ""Coffee"", ""Lockbox"", ""Dining table"", ""Drying rack for clothing"", ""Free washer \u2013 In unit"", ""Children\u2019s dinnerware"", ""Freezer"", ""Hangers"", ""Pack \u2019n play/Travel crib - always at the listing"", ""Room-darkening shades"", ""Hot water"", ""Cleaning products"", ""Hair dryer"", ""Clothing storage: wardrobe"", ""Elevator"", ""Essentials"", ""Dishwasher"", ""Wifi"", ""Kitchen"", ""Coffee maker: Nespresso"", ""Hot water kettle"", ""Single level home"", ""Self check-in"", ""Oven"", ""Toaster"", ""Free dryer \u2013 In unit"", ""Shampoo"", ""Microwave"", ""Bed linens"", ""Folding or convertible high chair - always at the listing"", ""Long term stays allowed"", ""Portable fans""]",46,258.0,3,365,6,19,44,295,1,1,0,140,9,2322.0,5.0,5.0,5.0,5.0,5.0,5.0,5.0,1,9,9,0,0,0.79,1
88,3 Bedroom Olympic park Stratford,388522473,2021-02-14,"February 14, 2021",1671,a few days or more,0.4,0.9,0,6,"['email', 'phone']",2,1,1,Newham,51.54832,-0.01596,Entire rental unit,Entire home/apt,6,2 baths,2.0,3,3,"[""Washer"", ""Smoke alarm"", ""Wifi"", ""Kitchen"", ""Paid parking on premises"", ""TV""]",6,283.0,1,365,0,0,0,154,2,2,0,0,18,5094.0,5.0,5.0,5.0,5.0,5.0,5.0,5.0,1,6,6,0,0,1.36,1
89,Jay3 Suites,658936126,2024-10-25,"October 25, 2024",322,within an hour,1.0,1.0,0,1,"['email', 'phone']",2,0,0,Barking and Dagenham,51.53940703,0.159239732,Entire serviced apartment,Entire home/apt,3,1 bath,1.0,1,1,"[""Cooking basics"", ""Washer"", ""Wine glasses"", ""Iron"", ""Smoke alarm"", ""Dishes and silverware"", ""Shower gel"", ""Carbon monoxide alarm"", ""Mini fridge"", ""Central heating"", ""TV"", ""Body soap"", ""Cleaning available during stay"", ""Dining table"", ""Luggage dropoff allowed"", ""Laundromat nearby"", ""Free street parking"", ""Stainless steel electric stove"", ""Hangers"", ""Room-darkening shades"", ""Hot water"", ""Cleaning products"", ""Wifi"", ""Extra pillows and blankets"", ""Kitchen"", ""Trash compactor"", ""Long term stays allowed"", ""Hot water kettle"", ""Window guards"", ""Bathtub"", ""Shampoo"", ""Microwave"", ""Bed linens"", ""Stainless steel single oven""]",34,103.0,1,365,1,19,49,163,1,1,0,163,9,927.0,5.0,5.0,5.0,5.0,5.0,5.0,5.0,1,1,1,0,0,0.42,1
91,"High Barnet haven, close to tube",8227691,2013-08-18,"August 18, 2013",4408,within a day,0.88,0.2,0,1,"['email', 'phone']",2,1,1,Barnet,51.65569081,-0.198461174,Entire condo,Entire home/apt,2,2 baths,2.0,2,2,"[""Washer"", ""Smoke alarm"", ""Dedicated workspace"", ""Carbon monoxide alarm"", ""BBQ grill"", ""Wifi"", ""Kitchen"", ""Free parking on premises"", ""TV""]",9,91.0,3,14,3,11,36,36,1,1,1,36,9,819.0,5.0,5.0,4.0,5.0,5.0,4.0,4.0,0,1,1,0,0,1.0,1
92,Hackney Stylish Mid-Century Flat,6789745,2013-06-07,"June 07, 2013",4480,within an hour,1.0,0.94,0,1,"['email', 'phone']",2,1,1,Hackney,51.56135,-0.058,Entire rental unit,Entire home/apt,4,1 bath,1.0,2,2,"[""Cooking basics"", ""Washer"", ""Iron"", ""Smoke alarm"", ""Fire extinguisher"", ""Bosch stainless steel gas stove"", ""Host greets you"", ""First aid kit"", ""Dishes and silverware"", ""Carbon monoxide alarm"", ""Bosch single oven"", ""TV"", ""Clothing storage: closet and dresser"", ""Dining table"", ""Books and reading material"", ""Freezer"", ""Bosch refrigerator"", ""Paid street parking off premises"", ""Cleaning products"", ""Hair dryer"", ""Wifi"", ""Extra pillows and blankets"", ""Kitchen"", ""Coffee maker: Nespresso"", ""Hot water kettle"", ""Free dryer \u2013 In unit"", ""Bathtub"", ""Heating"", ""Private patio or balcony"", ""Board games"", ""Bed linens""]",31,137.0,3,30,6,11,17,243,1,1,1,86,9,1233.0,5.0,5.0,5.0,5.0,5.0,4.0,5.0,0,1,1,0,0,1.0,1
93,Stylish Victorian terraced house in East London,15577758,2014-05-15,"May 15, 2014",4138,within a few hours,1.0,0.97,0,2,"['email', 'phone', 'work_email']",3,1,1,Tower Hamlets,51.52683881,-0.063997318,Entire home,Entire home/apt,4,1 bath,1.0,2,2,"[""Cooking basics"", ""Washer"", ""Wine glasses"", ""Iron"", ""Smoke alarm"", ""Exercise equipment"", ""Fire extinguisher"", ""Stove"", ""Host greets you"", ""First aid kit"", ""Dishes and silverware"", ""Shower gel"", ""Carbon monoxide alarm"", ""Coffee maker"", ""Refrigerator"", ""Conditioner"", ""TV"", ""Coffee"", ""Lockbox"", ""Body soap"", ""Cleaning available during stay"", ""Dining table"", ""Dedicated workspace"", ""Luggage dropoff allowed"", ""Drying rack for clothing"", ""Laundromat nearby"", ""Books and reading material"", ""Freezer"", ""Dryer"", ""Clothing storage"", ""Private entrance"", ""Hangers"", ""Room-darkening shades"", ""Hot water"", ""Cleaning products"", ""Hair dryer"", ""Patio or balcony"", ""Blender"", ""Dishwasher"", ""Wifi"", ""Extra pillows and blankets"", ""Kitchen"", ""Outdoor furniture"", ""Hot water kettle"", ""Outdoor dining area"", ""Self check-in"", ""Oven"", ""Toaster"", ""Pack \u2019n play/Travel crib"", ""Heating"", ""Bathtub"", ""Sound system"", ""Baking sheet"", ""Shampoo"", ""Board games"", ""Microwave"", ""Bed linens"", ""Paid parking off premises"", ""Long term stays allowed""]",59,271.0,2,14,3,3,7,51,7,7,3,51,64,17344.0,5.0,5.0,4.86,5.0,5.0,4.86,4.86,0,2,1,1,0,3.82,1
94,"Stylish 5 Bed house, London",663964736,2024-11-25,"November 25, 2024",291,within an hour,1.0,1.0,0,5,"['email', 'phone']",2,1,1,Greenwich,51.4830393,0.0639167,Private room in home,Private room,9,7 baths,7.0,7,7,"[""Lock on bedroom door"", ""Washer"", ""Smoke alarm"", ""Fire extinguisher"", ""Wifi"", ""Kitchen"", ""Free parking on premises""]",7,410.0,14,365,11,41,71,346,0,0,0,185,0,0.0,5.0,5.0,5.0,5.0,5.0,4.89,5.0,0,3,2,1,0,0.88,1
95,Luxury Living,67860345,2016-04-19,"April 19, 2016",3433,within an hour,1.0,1.0,0,3,"['email', 'phone']",2,1,1,Sutton,51.3572514,-0.1981316,Entire condo,Entire home/apt,4,2 baths,2.0,2,1,"[""Washer"", ""Iron"", ""Smoke alarm"", ""Shower gel"", ""Carbon monoxide alarm"", ""Conditioner"", ""TV"", ""Lockbox"", ""Body soap"", ""Clothing storage"", ""Exterior security cameras on property"", ""Hangers"", ""Room-darkening shades"", ""Hot water"", ""Hair dryer"", ""Wifi"", ""Extra pillows and blankets"", ""Kitchen"", ""Self check-in"", ""Heating"", ""Bathtub"", ""Shampoo"", ""Bed linens"", ""Free parking on premises""]",24,176.0,6,30,0,0,29,304,1,1,0,144,12,2112.0,5.0,5.0,5.0,5.0,5.0,5.0,5.0,1,1,1,0,0,0.73,1
96,Superior 3 Bedroom Apartment Near Gloucester LON,446820235,2022-02-25,"February 25, 2022",1295,within an hour,1.0,0.44,0,6311,"['email', 'phone']",2,1,1,Kensington and Chelsea,51.4936,-0.1844,Entire rental unit,Entire home/apt,6,3 baths,3.0,3,4,"[""Washer"", ""Air conditioning"", ""Iron"", ""Smoke alarm"", ""Exercise equipment"", ""Fire extinguisher"", ""Stove"", ""First aid kit"", ""Shower gel"", ""Carbon monoxide alarm"", ""Coffee maker"", ""Refrigerator"", ""Safe"", ""TV"", ""Coffee"", ""Body soap"", ""Cleaning available during stay"", ""Dining table"", ""Dedicated workspace"", ""Luggage dropoff allowed"", ""Drying rack for clothing"", ""Dryer"", ""Clothing storage"", ""Outlet covers"", ""Gym"", ""Private entrance"", ""Hangers"", ""Crib"", ""Hot water"", ""Cleaning products"", ""Pets allowed"", ""Hair dryer"", ""Baby monitor"", ""Elevator"", ""Essentials"", ""Dishwasher"", ""Kitchen"", ""Babysitter recommendations"", ""Hot water kettle"", ""Bidet"", ""Self check-in"", ""Oven"", ""Window guards"", ""Outdoor playground"", ""Toaster"", ""Pack \u2019n play/Travel crib"", ""Ethernet connection"", ""Bathtub"", ""Heating"", ""Building staff"", ""Sound system"", ""Baby bath"", ""Shampoo"", ""Microwave"", ""Paid parking off premises"", ""Long term stays allowed"", ""Paid parking on premises""]",57,1273.0,1,365,29,59,89,364,0,0,0,201,0,0.0,4.72,4.73,4.71,4.9,4.8,4.93,4.71,0,495,495,0,0,0.94,1
97,Chiswick garden flat,13849945,2014-04-03,"April 03, 2014",4180,within a day,1.0,0.43,0,1,"['email', 'phone']",2,1,1,Ealing,51.49456,-0.27006,Entire rental unit,Entire home/apt,4,2 baths,2.0,2,2,"[""Washer"", ""Outdoor dining area"", ""Smoke alarm"", ""Dedicated workspace"", ""Carbon monoxide alarm"", ""Wifi"", ""Kitchen"", ""Paid parking on premises"", ""TV""]",9,108.0,3,365,1,21,23,80,0,0,0,23,0,0.0,0.0,0.0,0.0,0.0,0.0,0.0,0.0,0,1,1,0,0,0.0,0
98,"Primrose Hill Studio, 2 mins to Chalk Farm Tube",2477811,2012-05-27,"May 27, 2012",4856,within a few hours,1.0,0.56,0,1,"['email', 'phone', 'work_email']",3,1,1,Camden,51.543711,-0.1560525,Entire condo,Entire home/apt,2,1 bath,1.0,1,1,"[""Cooking basics"", ""Wine glasses"", ""Housekeeping available from 10:00\u202fAM to 4:00\u202fPM - available at extra cost"", ""Iron"", ""Smoke alarm"", ""Fire extinguisher"", ""Courtyard view"", ""Dishes and silverware"", ""Shower gel"", ""Conditioner"", ""Central heating"", ""Body soap"", ""Dining table"", ""Drying rack for clothing"", ""Free washer \u2013 In unit"", ""Laundromat nearby"", ""Books and reading material"", ""Freezer"", ""Private entrance"", ""Paid street parking off premises"", ""Hangers"", ""Hot water"", ""Cleaning products"", ""Hair dryer"", ""Clothing storage: wardrobe"", ""Essentials"", ""Wifi"", ""Extra pillows and blankets"", ""Kitchen"", ""Trash compactor"", ""Long term stays allowed"", ""Hot water kettle"", ""Bidet"", ""Oven"", ""Toaster"", ""Bathtub"", ""Bosh induction stove"", ""Baking sheet"", ""Shampoo"", ""Bed linens"", ""Samsung refrigerator""]",41,109.0,7,360,4,20,50,51,2,2,2,51,28,3052.0,5.0,5.0,5.0,5.0,5.0,5.0,5.0,0,1,1,0,0,2.0,1
99,Standard Double Room Near Cine Lumiere LON,446820235,2022-02-25,"February 25, 2022",1295,within an hour,1.0,0.44,0,6311,"['email', 'phone']",2,1,1,Kensington and Chelsea,51.49363,-0.17882,Entire rental unit,Entire home/apt,2,1 bath,1.0,1,1,"[""Wine glasses"", ""Air conditioning"", ""Iron"", ""Smoke alarm"", ""Fire extinguisher"", ""First aid kit"", ""Shower gel"", ""TV with standard cable"", ""Carbon monoxide alarm"", ""Safe"", ""Body soap"", ""Cleaning available during stay"", ""Baby safety gates"", ""Luggage dropoff allowed"", ""Clothing storage"", ""Private entrance"", ""Hangers"", ""Room-darkening shades"", ""Hot water"", ""Cleaning products"", ""Hair dryer"", ""Elevator"", ""Essentials"", ""Wifi"", ""Trash compactor"", ""Babysitter recommendations"", ""Bidet"", ""Self check-in"", ""Pack \u2019n play/Travel crib"", ""Ethernet connection"", ""Bathtub"", ""Heating"", ""Building staff"", ""Sound system"", ""Shampoo"", ""Bed linens"", ""Long term stays allowed""]",37,311.0,1,365,29,59,89,364,0,0,0,201,0,0.0,4.68,4.77,4.77,4.87,4.77,4.93,4.68,0,495,495,0,0,1.23,1
100,Double Room Near Allya beauty limited LON,446820235,2022-02-25,"February 25, 2022",1295,within an hour,1.0,0.44,0,6311,"['email', 'phone']",2,1,1,Kensington and Chelsea,51.4943,-0.1781,Entire rental unit,Entire home/apt,2,1 bath,1.0,1,1,"[""Wine glasses"", ""Air conditioning"", ""Iron"", ""Smoke alarm"", ""Fire extinguisher"", ""First aid kit"", ""Shower gel"", ""TV with standard cable"", ""Carbon monoxide alarm"", ""Coffee maker"", ""Safe"", ""Coffee"", ""Body soap"", ""Cleaning available during stay"", ""Baby safety gates"", ""Luggage dropoff allowed"", ""Clothing storage"", ""Private entrance"", ""Hangers"", ""Room-darkening shades"", ""Hot water"", ""Cleaning products"", ""Hair dryer"", ""Elevator"", ""Essentials"", ""Wifi"", ""Trash compactor"", ""Babysitter recommendations"", ""Bidet"", ""Self check-in"", ""Pack \u2019n play/Travel crib"", ""Ethernet connection"", ""Heating"", ""Building staff"", ""Sound system"", ""Shampoo"", ""Bed linens"", ""Long term stays allowed""]",38,278.0,1,365,29,59,89,364,0,0,0,201,0,0.0,4.88,4.86,4.84,4.94,4.96,4.92,4.8,0,495,495,0,0,0.34,1
101,Cozy Double Room Near School of Communication LON,446820235,2022-02-25,"February 25, 2022",1295,within an hour,1.0,0.44,0,6311,"['email', 'phone']",2,1,1,Kensington and Chelsea,51.50098,-0.18024,Entire rental unit,Entire home/apt,2,1 bath,1.0,1,1,"[""Wine glasses"", ""Air conditioning"", ""Iron"", ""Smoke alarm"", ""Fire extinguisher"", ""First aid kit"", ""Shower gel"", ""TV with standard cable"", ""Carbon monoxide alarm"", ""Mini fridge"", ""Coffee maker"", ""Safe"", ""Coffee"", ""Body soap"", ""Cleaning available during stay"", ""Baby safety gates"", ""Luggage dropoff allowed"", ""Clothing storage"", ""Private entrance"", ""Hangers"", ""Room-darkening shades"", ""Hot water"", ""Cleaning products"", ""Pets allowed"", ""Hair dryer"", ""Elevator"", ""Essentials"", ""Wifi"", ""Trash compactor"", ""Babysitter recommendations"", ""Bidet"", ""Self check-in"", ""Pack \u2019n play/Travel crib"", ""Ethernet connection"", ""Heating"", ""Building staff"", ""Sound system"", ""Shampoo"", ""Paid parking off premises"", ""Bed linens"", ""Long term stays allowed"", ""Paid parking on premises""]",42,313.0,1,365,29,59,89,364,0,0,0,202,0,0.0,0.0,0.0,0.0,0.0,0.0,0.0,0.0,0,495,495,0,0,0.0,0
102,"Luxe Portobello Home | A/C, Parking, Flex Check-in",684416803,2025-03-15,"March 15, 2025",181,within an hour,1.0,0.98,0,1,"['email', 'phone']",2,1,1,Kensington and Chelsea,51.524358,-0.211001337,Entire home,Entire home/apt,6,1 bath,1.0,3,5,"[""Wine glasses"", ""Smoke alarm"", ""Fire extinguisher"", ""Stove"", ""Coffee maker"", ""Refrigerator"", ""Conditioner"", ""Luggage dropoff allowed"", ""Drying rack for clothing"", ""Children\u2019s dinnerware"", ""Private entrance"", ""Hangers"", ""Pets allowed"", ""Shared gym nearby"", ""Blender"", ""Baby bath - available upon request"", ""Babysitter recommendations"", ""Hot water kettle"", ""Pack \u2019n play/Travel crib - available upon request"", ""Private patio or balcony"", ""Children\u2019s books and toys for ages 0-2 years old, 2-5 years old, 5-10 years old, and 10+ years old"", ""Cooking basics"", ""Washer"", ""Host greets you"", ""Shower gel"", ""TV"", ""Dining table"", ""Baby safety gates"", ""Books and reading material"", ""Clothing storage"", ""Paid street parking off premises"", ""Room-darkening shades"", ""Hair dryer"", ""Breakfast"", ""Park view"", ""Dishwasher"", ""Wifi"", ""Outdoor dining area"", ""Oven"", ""Baking sheet"", ""Pocket wifi"", ""Private BBQ grill: charcoal, wood-burning"", ""Iron"", ""EV charger - level 1"", ""First aid kit"", ""Carbon monoxide alarm"", ""Body soap"", ""Dedicated workspace"", ""Laundromat nearby"", ""Exterior security cameras on property"", ""Shared backyard \u2013 Fully fenced"", ""Hot water"", ""River view"", ""Essentials"", ""Canal view"", ""Housekeeping available 2 days a week - available at extra cost"", ""Rice maker"", ""Outdoor furniture"", ""Toaster"", ""High chair"", ""Heating"", ""Board games"", ""Bed linens"", ""Long term stays allowed"", ""Portable fans"", ""Paid valet parking on premises"", ""Courtyard view"", ""Dishes and silverware"", ""Coffee"", ""Freezer"", ""Sun loungers"", ""Crib"", ""Barbecue utensils"", ""Cleaning products"", ""Bikes"", ""Elevator"", ""Extra pillows and blankets"", ""Kitchen"", ""Outdoor playground"", ""Free dryer \u2013 In unit"", ""Bathtub"", ""Ethernet connection"", ""Shampoo"", ""Microwave"", ""Portable air conditioning"", ""Free parking on premises""]",90,288.0,3,365,4,13,35,141,14,14,3,139,129,37152.0,5.0,4.93,4.93,5.0,4.93,4.93,4.93,1,1,1,0,0,5.45,1
103,Spacious light En-suite Double Room - Balham,44815963,2015-09-22,"September 22, 2015",3643,within a day,0.8,0.0,0,2,"['email', 'phone']",2,1,1,Wandsworth,51.44271,-0.14487,Private room in rental unit,Private room,2,1 private bath,1.0,1,1,"[""Lock on bedroom door"", ""Washer"", ""Smoke alarm"", ""Fire extinguisher"", ""First aid kit"", ""Carbon monoxide alarm"", ""Wifi"", ""Kitchen"", ""TV""]",9,45.0,7,45,2,24,54,54,0,0,0,54,0,0.0,4.46,4.69,4.77,4.62,4.85,4.62,4.23,0,1,0,1,0,0.08,1
104,Prime Central London Private Studio Apartment,682491846,2025-03-05,"March 05, 2025",191,within an hour,0.83,1.0,0,616,"['email', 'phone']",2,1,0,Westminster,51.51869936,-0.16244065,Entire rental unit,Entire home/apt,2,1 bath,1.0,0,1,"[""Washer"", ""Pets allowed"", ""Oven"", ""Smoke alarm"", ""Stove"", ""Toaster"", ""Heating"", ""Freezer"", ""Essentials"", ""Carbon monoxide alarm"", ""Kitchen"", ""Shampoo"", ""Wifi"", ""City skyline view"", ""Bed linens"", ""Refrigerator"", ""Microwave"", ""Hot water kettle""]",18,257.0,1,1125,19,49,79,354,0,0,0,191,0,0.0,4.82,4.88,4.83,4.96,4.92,4.69,4.75,1,71,71,0,0,0.91,1
105,London Luxury Apartment - Finchley Road Retreat,682491846,2025-03-05,"March 05, 2025",191,within an hour,0.83,1.0,0,616,"['email', 'phone']",2,1,0,Camden,51.55679085,-0.197353041,Entire rental unit,Entire home/apt,6,1 bath,1.0,2,3,"[""Washer"", ""Iron"", ""Smoke alarm"", ""Stove"", ""Carbon monoxide alarm"", ""Coffee maker"", ""Refrigerator"", ""TV"", ""Freezer"", ""Dryer"", ""Essentials"", ""Wifi"", ""Kitchen"", ""Hot water kettle"", ""Oven"", ""Toaster"", ""Heating"", ""Microwave"", ""Bed linens"", ""Paid parking on premises""]",20,344.0,1,1125,29,59,89,364,0,0,0,202,0,0.0,4.95,4.94,4.94,4.94,4.98,4.82,4.94,1,71,71,0,0,0.38,1
